user_id,product_id,rating
3,3,4
3,6,4
103,94,2
436,19,5
861,58,3
271,23,2
107,54,1
72,80,4
701,65,5
21,12,3
615,24,1
122,34,2
467,53,5
215,8,1
331,18,1
459,57,3
88,5,4
373,26,4
100,30,4
872,54,2
664,13,1
131,83,2
662,29,1
309,3,3
770,90,3
344,58,2
492,76,2
414,2,3
806,75,5
386,28,4
192,82,4
956,77,3
277,86,4
161,76,5
460,2,5
314,7,1
22,26,2
253,90,4
748,88,5
857,76,2
561,16,2
475,23,1
59,40,2
511,60,2
682,73,3
476,32,1
700,15,1
976,13,4
783,5,2
190,75,4
958,74,5
687,52,2
958,77,5
563,41,3
876,53,2
567,50,4
244,15,4
832,7,2
505,40,4
131,28,2
485,32,1
819,99,4
647,15,2
21,100,2
841,85,4
167,70,1
274,65,4
388,4,2
601,11,1
316,26,5
14,61,3
242,37,4
777,23,2
346,93,1
565,85,1
898,91,5
340,40,4
92,77,1
367,23,5
956,16,2
455,94,5
428,61,4
509,68,5
776,80,1
943,31,1
35,53,3
206,25,5
81,44,2
932,12,4
562,90,3
872,97,5
388,92,2
2,9,3
390,12,1
566,69,4
106,54,5
772,54,2
822,28,1
477,56,3
703,99,4
402,69,3
730,98,3
556,98,2
162,77,1
202,58,5
958,78,2
996,75,4
270,42,3
863,38,4
816,68,2
271,53,2
456,33,5
462,71,3
727,56,2
252,72,4
702,51,5
296,74,4
725,43,3
720,15,5
749,38,5
338,15,5
879,5,1
53,93,5
792,83,4
922,54,4
217,51,3
764,10,2
188,12,2
380,4,1
493,95,5
41,18,1
157,80,3
15,36,3
813,25,2
65,87,3
857,76,5
839,98,4
521,36,3
344,67,1
129,9,5
648,61,3
472,53,3
63,18,5
139,43,3
499,35,4
593,63,2
392,98,5
675,78,1
419,4,3
289,93,2
379,41,1
773,45,1
490,50,4
231,79,2
41,28,5
28,42,2
135,80,2
201,76,1
840,69,4
780,98,4
930,1,2
33,39,2
48,96,3
503,90,1
407,17,5
574,91,5
728,88,4
805,35,1
99,46,4
684,42,5
872,39,2
726,90,1
987,49,1
547,62,3
961,38,2
739,23,2
613,22,4
943,4,1
462,49,4
643,59,2
769,73,3
5,68,1
218,71,2
503,87,3
767,2,5
398,49,2
871,88,5
795,95,4
393,31,5
207,40,2
15,48,5
858,51,1
554,43,2
892,98,3
461,55,5
691,88,1
575,49,4
864,90,4
743,80,5
241,57,4
564,77,3
96,15,2
900,27,1
734,68,5
485,80,4
407,64,2
231,94,3
749,30,4
655,36,4
171,67,1
541,86,3
36,86,3
525,49,5
160,76,1
839,55,5
699,85,1
243,56,3
86,68,1
796,95,1
578,44,1
682,31,2
557,58,2
574,87,3
953,53,1
646,84,3
796,79,2
28,23,1
620,28,5
556,16,2
340,37,2
798,21,2
958,79,1
331,17,4
640,37,5
506,77,5
348,19,3
473,30,1
231,45,2
190,18,4
225,78,1
385,62,1
377,36,4
283,100,2
958,84,1
633,52,5
628,19,5
973,44,4
745,7,2
259,44,4
359,68,1
710,34,5
456,66,3
411,69,4
649,55,3
318,10,3
677,96,5
225,42,4
819,41,3
234,77,1
684,69,2
664,10,2
975,10,5
827,91,4
374,60,4
672,51,2
608,21,1
472,8,2
233,65,2
692,92,4
113,78,3
830,85,1
497,30,4
442,85,2
564,49,3
268,9,1
510,17,5
807,69,1
386,58,1
387,57,2
113,62,2
613,95,5
625,52,5
952,61,5
81,40,4
699,38,4
113,43,2
2,63,2
642,19,5
220,100,4
566,50,3
855,33,4
997,13,2
736,78,4
225,97,2
385,62,5
403,93,5
638,43,5
130,49,3
53,36,3
684,10,2
730,95,1
672,6,3
710,57,2
416,1,4
247,71,5
836,58,5
439,91,5
203,21,2
184,92,5
123,80,3
401,56,4
767,87,5
294,20,2
280,54,4
837,25,5
884,28,1
610,5,5
198,21,3
982,18,4
907,47,3
511,70,1
752,57,1
144,93,3
609,19,4
201,97,1
124,65,1
187,3,5
326,42,2
464,21,1
349,99,4
771,40,4
660,67,5
764,25,4
955,55,5
932,84,1
403,52,1
346,44,1
963,98,1
511,85,2
147,56,2
148,55,1
864,87,4
711,70,5
820,77,3
489,87,5
929,73,3
936,81,3
640,66,1
551,19,3
338,83,1
872,7,2
641,63,4
779,42,3
988,42,4
953,59,1
473,20,3
946,73,5
151,17,2
415,27,2
990,47,3
298,2,2
611,63,5
263,62,4
764,100,5
144,19,2
346,17,4
624,69,5
572,39,1
881,82,1
2,71,4
897,81,4
304,39,4
254,36,1
652,40,5
453,45,4
37,4,1
160,25,4
9,69,4
233,30,4
99,76,1
659,68,5
816,88,1
208,29,1
131,73,4
404,68,3
152,51,3
54,24,3
120,14,1
673,69,4
920,18,3
628,42,2
587,57,2
625,83,2
968,12,5
420,82,4
422,17,1
104,30,1
852,88,4
254,75,5
227,99,4
112,23,5
510,81,3
473,1,3
99,79,5
153,32,4
861,9,3
914,15,4
896,28,3
878,24,4
338,60,4
706,35,2
822,86,5
163,27,1
720,83,5
957,76,4
681,20,4
996,65,5
161,85,4
580,49,3
801,1,4
398,10,5
277,47,5
816,59,5
916,96,2
504,62,2
896,86,2
392,18,2
135,46,2
195,32,2
401,27,2
640,92,5
33,18,1
688,39,2
460,49,5
955,93,1
883,82,2
470,44,1
375,72,1
22,54,3
750,95,4
670,34,3
38,71,1
230,36,5
365,18,2
563,38,4
438,59,2
776,9,5
283,73,4
27,72,3
226,51,1
277,35,5
798,82,1
609,5,1
284,14,2
879,92,5
960,30,1
481,4,3
453,39,4
829,84,5
816,64,2
659,25,5
516,28,2
547,76,4
192,66,3
49,78,1
512,22,5
17,31,2
172,23,4
220,48,1
158,20,4
477,38,3
46,55,1
373,68,1
518,79,1
99,88,2
892,89,1
745,1,4
37,7,2
280,57,1
349,95,4
497,12,4
302,5,5
181,50,4
607,42,3
99,12,1
700,18,1
993,66,1
116,74,4
191,79,4
253,94,1
981,17,2
928,68,2
983,71,3
161,62,5
256,41,3
323,95,1
128,34,1
18,70,1
793,45,5
735,58,4
566,51,5
570,34,3
323,44,4
872,15,4
686,78,3
792,70,4
626,50,2
288,32,3
943,67,3
854,3,2
663,86,5
962,86,5
639,74,5
155,51,4
490,67,2
386,76,3
986,93,3
785,48,3
104,17,4
929,7,4
393,13,5
811,66,4
246,4,5
176,10,5
39,88,3
477,17,4
682,52,5
759,6,2
538,83,2
867,69,4
818,96,3
921,74,3
408,9,5
525,91,4
828,77,2
506,83,5
903,21,5
825,24,1
36,4,4
685,24,5
20,59,2
321,99,1
776,3,2
512,68,3
400,40,1
654,48,1
972,54,5
883,35,3
471,95,5
143,56,4
92,89,2
354,40,2
834,77,5
800,68,2
727,46,2
959,78,4
854,13,3
51,27,1
665,6,5
698,17,5
575,36,4
190,99,4
125,81,1
150,2,3
314,77,5
570,52,4
342,66,5
305,52,2
692,92,5
682,43,3
838,90,3
783,22,5
54,55,2
444,67,3
613,99,4
993,60,5
264,58,2
53,12,4
572,88,5
620,69,2
5,84,4
103,39,3
196,13,5
774,41,5
877,57,3
992,53,1
884,12,4
350,13,3
47,74,5
867,97,4
823,57,4
936,40,1
820,80,5
656,45,2
269,35,1
370,3,1
636,5,2
106,90,2
670,11,1
659,71,4
657,56,3
120,10,3
831,34,1
787,67,4
604,72,2
58,31,1
951,75,5
346,71,4
741,66,5
474,70,5
117,41,1
830,63,4
791,32,5
127,20,4
393,57,3
908,98,5
641,50,5
58,80,4
634,25,3
513,12,5
751,71,1
802,39,4
96,17,4
638,45,5
118,11,3
560,70,5
601,23,2
488,91,5
237,70,2
885,38,1
897,2,4
272,86,4
189,84,3
999,89,5
704,79,1
447,93,2
581,72,3
790,37,1
861,49,1
247,52,2
963,33,2
76,22,4
154,5,5
656,18,3
435,38,5
997,37,3
86,94,1
697,95,2
285,64,2
974,10,1
220,79,1
69,42,3
47,48,1
94,44,3
750,82,5
958,87,2
453,97,2
204,16,2
912,54,5
218,35,5
474,98,4
432,28,3
341,2,3
551,94,4
612,13,2
289,41,3
254,80,3
734,59,2
357,69,1
23,92,1
762,53,4
522,45,5
758,20,3
837,24,3
100,61,4
802,91,4
180,94,3
223,58,2
906,27,2
762,26,5
659,7,3
442,42,3
608,47,3
769,53,3
325,59,4
516,38,1
16,69,3
792,87,1
336,92,2
759,98,5
258,53,2
497,15,3
988,96,2
896,26,4
160,48,1
475,95,3
852,19,4
664,9,1
908,64,4
690,93,2
675,54,3
380,51,2
545,39,5
929,4,3
957,3,2
691,64,3
427,29,1
613,11,3
268,97,3
835,58,1
577,75,2
417,27,3
168,97,4
842,21,3
43,39,2
556,95,1
285,46,2
397,66,5
12,91,3
607,36,3
302,75,1
898,82,3
253,65,4
499,63,4
754,99,2
35,35,1
727,31,5
849,28,2
90,1,1
776,25,1
605,43,2
922,84,2
970,67,3
602,63,5
418,51,4
115,2,3
617,82,1
903,64,5
196,74,5
826,69,2
501,9,5
626,2,5
493,34,1
75,60,3
413,61,5
376,31,2
420,10,3
729,76,2
277,36,5
761,85,3
676,49,5
394,70,1
869,49,3
457,3,2
920,74,1
192,5,4
739,90,2
689,61,5
99,85,2
548,90,4
978,26,2
999,72,1
96,5,2
664,15,3
663,16,4
190,1,2
736,16,4
37,37,1
780,3,3
369,52,5
695,47,2
525,95,1
279,13,4
217,80,4
867,55,1
873,21,2
798,66,5
273,54,2
881,27,3
62,38,2
596,90,3
880,58,4
729,62,3
342,46,5
397,89,1
699,11,3
19,72,2
177,8,3
612,97,4
396,71,3
445,64,5
233,21,3
915,72,5
76,63,2
265,85,4
455,64,1
796,20,2
718,8,2
735,58,1
384,46,3
564,31,3
851,93,3
506,9,4
367,15,2
144,94,5
885,26,1
69,10,2
99,29,3
396,80,1
25,36,5
948,84,2
891,37,2
469,86,4
484,71,2
565,23,2
151,41,5
144,93,5
569,80,1
39,28,3
109,48,5
693,38,1
42,31,2
186,14,1
935,97,1
398,73,1
223,91,1
634,88,5
133,77,3
163,90,1
215,29,4
733,51,2
235,49,2
843,43,2
658,92,2
751,92,2
588,72,1
9,87,3
74,93,4
954,5,5
492,42,4
913,7,5
253,42,5
230,36,4
519,27,1
174,58,2
653,46,1
168,66,2
170,25,3
393,73,5
946,27,4
795,1,3
634,87,2
194,74,1
517,42,4
29,52,5
165,25,3
422,54,5
339,67,2
648,6,5
496,58,1
365,70,3
833,53,3
342,66,1
500,58,5
657,82,1
511,87,4
327,2,1
217,76,5
301,22,1
132,37,2
804,20,1
70,24,1
252,84,5
415,65,4
787,65,4
445,81,5
876,1,5
182,94,5
167,3,2
91,46,3
714,55,1
858,75,5
531,88,5
39,86,5
126,64,4
451,45,5
173,26,1
653,77,5
754,65,1
220,24,2
638,74,3
58,35,4
660,24,1
476,28,2
456,100,3
829,80,3
895,16,3
361,59,1
935,81,2
1,54,5
387,79,2
973,16,2
348,15,2
190,98,1
505,11,1
191,65,1
508,79,2
369,90,1
409,68,3
824,43,1
929,69,4
934,99,1
117,13,1
134,10,1
58,75,1
556,82,4
685,98,5
672,41,1
173,50,3
829,87,4
815,71,5
149,59,1
80,39,5
886,3,3
213,76,4
203,7,4
764,49,5
229,26,1
676,33,2
227,48,4
659,79,2
532,2,4
441,71,1
402,32,1
47,4,4
233,20,5
305,36,1
526,32,1
143,28,3
415,77,1
513,1,3
373,60,1
566,56,1
886,35,5
259,30,5
656,54,1
471,36,4
953,55,4
971,89,1
12,80,4
330,58,1
736,83,5
784,65,2
968,69,3
358,51,4
972,22,4
408,88,5
668,53,4
373,100,1
8,36,1
122,68,2
348,36,2
676,52,2
90,53,1
648,82,2
698,50,2
316,80,1
178,41,5
540,18,4
732,22,3
869,66,1
41,21,1
740,100,3
704,44,3
923,47,2
502,39,3
959,29,4
145,54,4
201,90,4
929,85,4
724,17,4
461,80,2
732,60,1
752,31,3
925,73,1
909,95,3
558,78,2
547,49,2
253,2,5
390,48,5
594,14,2
883,59,2
256,97,3
709,99,2
815,58,1
921,58,3
450,51,2
10,84,3
824,2,3
798,41,4
242,83,5
251,82,3
877,16,3
5,4,4
119,12,2
801,29,3
374,7,4
65,14,1
146,12,4
224,99,5
239,5,5
177,81,2
779,32,2
853,74,5
282,43,5
63,81,3
217,69,5
854,45,2
827,9,5
795,49,2
689,33,1
461,100,5
929,100,2
610,18,4
105,9,3
99,62,2
511,57,5
385,29,5
405,78,1
823,25,4
518,15,2
476,6,4
977,42,1
709,29,3
863,79,4
645,93,1
870,4,2
771,82,3
437,57,5
23,49,1
997,44,5
565,80,3
677,75,1
714,14,1
458,3,3
83,62,2
145,64,1
85,45,3
78,82,4
457,58,5
878,20,1
1,58,4
51,89,1
685,57,2
717,77,3
772,68,1
446,78,3
449,97,1
881,92,2
488,52,2
800,37,4
34,8,2
348,44,3
95,98,2
72,5,1
551,69,2
154,31,3
250,45,1
674,9,4
438,32,4
118,33,4
771,67,1
891,30,4
306,76,2
268,29,1
961,3,1
54,90,1
236,57,5
389,30,3
990,9,5
734,26,5
763,2,5
825,62,3
401,3,5
624,46,4
767,68,1
303,25,1
919,51,2
207,13,4
229,44,3
853,35,1
910,55,5
578,87,2
75,9,2
435,2,1
103,61,4
422,41,2
704,44,1
764,64,4
738,31,1
806,47,1
306,2,4
98,96,4
850,82,4
798,77,1
335,69,2
859,58,3
435,44,3
447,74,1
994,56,1
308,43,2
249,89,4
166,34,1
481,30,5
984,71,4
335,70,1
542,55,5
759,67,2
106,13,5
563,3,1
81,26,3
133,57,1
797,24,3
900,53,2
138,70,2
184,43,4
401,60,4
330,58,3
785,49,3
508,42,2
852,76,5
984,100,3
69,66,3
546,11,5
774,98,4
53,90,4
450,18,3
205,85,4
126,100,4
747,52,4
43,46,2
752,44,1
971,22,3
883,53,3
111,59,2
761,94,1
663,30,1
183,8,2
848,98,5
95,57,5
971,73,1
374,20,5
912,25,5
520,19,5
900,5,1
360,75,5
900,79,3
696,72,1
281,83,2
195,87,5
864,27,4
195,40,1
667,96,2
93,26,3
672,27,2
946,62,5
61,83,4
634,50,5
51,42,2
403,29,1
789,39,4
5,60,4
466,41,2
604,33,5
682,83,2
829,83,4
534,97,2
405,16,4
838,23,5
513,7,1
645,26,1
233,96,2
524,12,4
346,72,1
46,5,4
546,92,5
945,69,2
78,49,4
730,26,2
813,5,4
923,22,4
73,79,5
794,13,2
249,28,3
47,33,4
121,23,4
214,97,1
239,18,2
56,30,3
350,26,5
107,16,3
831,77,5
48,39,3
573,33,3
337,26,2
26,48,1
804,65,3
257,38,4
8,2,4
625,6,4
867,46,1
253,50,3
692,38,5
719,88,5
303,18,2
639,27,1
56,41,3
726,72,4
526,92,1
474,74,1
28,17,3
983,62,2
78,29,2
216,58,2
386,70,4
365,78,4
666,22,3
526,6,2
699,26,3
312,39,2
883,12,1
7,99,5
3,14,5
623,22,2
919,51,3
750,23,4
363,48,2
751,71,2
508,50,4
274,89,2
506,13,1
806,85,4
739,10,1
883,55,5
15,9,4
192,79,4
985,52,3
631,2,3
485,25,4
28,13,5
714,98,2
39,51,3
953,58,5
273,34,5
231,35,3
86,3,2
474,59,3
126,70,5
812,48,1
537,64,3
145,19,5
525,67,3
212,82,5
25,73,2
580,76,5
394,5,4
67,67,1
233,11,5
109,94,3
146,68,3
111,69,5
228,1,4
111,91,5
470,92,2
34,63,4
623,29,5
776,82,1
936,12,4
369,77,5
748,41,1
595,2,5
554,37,2
425,45,3
613,80,5
518,48,4
692,24,5
282,99,5
320,22,5
738,100,5
443,11,4
952,58,4
315,46,5
877,29,3
966,35,5
741,15,4
377,60,2
289,95,5
437,42,5
662,43,5
277,80,5
710,74,1
582,49,5
503,64,4
624,32,4
516,64,1
350,2,5
843,24,3
446,87,5
830,66,4
350,38,2
607,31,2
664,26,3
823,29,5
137,67,1
759,78,5
899,25,3
243,48,3
543,65,3
40,53,2
229,67,5
548,90,5
920,18,1
223,9,3
6,38,3
322,87,4
468,21,4
732,65,2
75,21,5
4,27,1
847,70,1
646,44,3
118,100,1
881,28,3
606,45,5
504,17,1
998,40,3
947,3,5
574,76,5
441,76,3
194,66,3
847,46,2
715,86,5
392,87,3
26,30,5
435,69,1
173,9,4
300,85,4
645,11,3
326,69,3
410,99,5
118,91,3
836,66,5
787,88,3
724,31,5
225,33,3
532,39,2
113,94,5
140,46,2
559,37,2
1,92,2
90,60,2
654,31,1
320,11,4
550,87,1
805,2,3
894,27,3
139,99,4
511,2,4
868,21,4
845,58,2
259,5,1
673,52,3
902,45,1
690,85,1
10,93,1
261,20,4
919,61,4
650,38,3
172,20,3
898,25,3
13,2,1
168,32,4
642,26,2
596,70,1
321,41,5
319,67,1
613,97,4
329,1,5
785,51,1
777,5,4
971,13,4
911,19,2
920,12,1
550,48,4
419,25,3
606,57,4
95,35,2
817,76,4
581,94,1
318,5,1
956,98,5
236,22,1
946,77,5
334,57,3
885,47,2
376,54,3
459,3,5
137,53,4
930,84,4
588,31,3
995,69,4
547,88,5
513,33,2
296,72,1
320,88,5
918,50,5
572,84,1
832,16,1
349,76,2
840,77,2
779,39,2
873,89,4
229,46,5
270,96,1
828,88,5
798,47,5
291,44,2
725,9,2
165,87,5
5,50,2
851,77,4
379,60,1
78,96,5
410,15,1
574,36,4
132,63,2
601,69,3
749,86,4
42,80,3
89,41,1
402,74,5
296,24,2
840,82,4
295,49,2
616,18,3
526,7,3
800,4,5
691,90,3
637,69,5
422,60,4
865,55,5
23,16,3
575,99,1
143,90,5
993,82,2
665,29,1
145,23,5
225,14,2
503,79,1
962,49,5
974,33,4
821,25,2
616,21,4
104,17,3
947,23,5
39,57,5
947,81,2
198,58,5
646,14,3
579,93,5
391,20,1
179,30,4
968,19,3
554,53,3
448,56,4
500,77,4
15,82,3
623,23,4
669,62,2
289,33,4
478,18,1
231,73,1
923,33,2
420,32,4
157,61,1
550,54,5
441,17,4
97,19,2
997,91,4
411,70,3
951,99,3
289,34,1
254,84,3
196,25,2
598,68,1
834,74,2
522,74,2
517,88,3
635,85,3
842,11,2
865,91,3
118,16,3
806,90,3
909,61,4
159,94,2
815,80,5
228,7,2
877,16,1
216,99,3
948,16,3
696,40,5
15,12,1
157,35,4
648,21,2
261,50,4
157,43,1
47,100,5
324,17,1
844,32,5
685,41,4
130,6,4
411,88,1
95,27,1
627,20,3
755,25,5
932,66,3
292,9,2
794,92,2
811,53,1
283,61,4
69,38,2
660,3,2
11,84,3
254,70,3
842,97,2
872,55,1
550,1,3
134,70,2
712,45,4
23,98,3
815,47,2
346,79,5
302,26,3
363,14,5
396,54,3
218,71,3
141,46,5
616,31,1
958,88,2
210,59,1
985,95,1
993,29,2
623,96,4
616,17,1
828,14,1
683,36,1
460,58,4
356,24,3
324,63,5
133,91,5
888,25,4
805,59,1
840,32,5
127,82,4
106,18,2
604,37,5
799,26,2
378,9,1
905,99,5
51,64,4
29,72,3
462,20,5
296,54,5
297,86,5
726,83,5
779,30,4
407,53,4
769,92,3
814,99,4
613,63,4
405,11,1
346,31,1
622,49,2
420,100,3
182,94,1
983,87,3
825,19,3
1,12,5
831,15,3
950,31,5
567,43,2
371,37,2
936,79,2
911,29,5
661,26,5
431,2,2
969,84,5
309,15,4
137,4,4
202,86,5
436,50,5
313,38,1
117,23,1
666,59,3
937,90,3
803,75,3
575,28,2
244,66,4
537,8,2
602,29,5
75,11,1
806,18,5
386,55,5
903,50,1
210,14,5
475,74,3
418,99,1
347,9,5
529,99,3
640,11,3
939,63,4
955,76,3
876,67,2
763,53,1
179,39,1
182,78,1
664,56,5
25,28,5
967,75,2
180,39,3
710,25,5
501,21,3
856,10,3
161,43,5
177,15,5
285,83,2
63,48,4
662,86,1
666,21,5
156,60,5
882,96,3
469,50,4
49,23,5
967,13,4
849,69,1
84,4,3
361,92,2
689,78,1
148,72,4
630,9,4
342,35,1
476,21,4
63,58,2
701,18,2
360,97,4
561,72,4
327,81,2
769,43,4
736,95,5
141,98,3
990,6,5
215,86,4
435,78,4
891,67,3
952,12,4
723,100,3
318,12,2
32,66,3
670,2,3
285,15,5
305,23,4
429,29,2
477,81,1
286,96,3
144,7,1
424,94,4
19,28,3
18,14,1
769,44,5
590,30,1
371,81,5
175,32,2
194,70,4
502,88,1
988,6,3
113,27,4
114,82,1
222,88,3
678,24,3
947,34,3
831,40,3
644,47,1
897,79,2
264,75,5
925,86,5
55,24,5
871,65,2
643,18,3
800,44,3
778,76,4
458,57,5
979,28,5
878,71,3
162,23,5
380,85,3
993,34,3
87,11,3
55,86,1
476,35,1
800,93,1
178,42,1
391,28,2
349,82,4
8,78,4
833,82,3
313,92,5
759,24,1
835,8,4
984,53,4
983,72,1
443,4,2
767,91,2
328,100,4
54,5,2
761,97,1
239,49,4
229,98,1
579,30,2
51,72,1
609,63,2
604,47,2
264,26,1
418,57,2
803,37,3
96,98,1
88,7,3
78,40,1
288,92,2
120,39,2
814,62,4
491,92,4
912,78,3
452,53,2
500,4,4
165,82,2
182,25,1
469,7,4
910,28,3
735,69,4
823,67,2
944,95,5
978,20,5
7,83,2
330,11,1
775,67,4
673,87,5
151,7,1
85,23,2
147,61,1
624,71,2
381,34,4
915,19,1
548,58,4
285,9,1
700,48,2
82,82,2
514,41,1
897,48,2
815,45,3
709,25,3
916,78,4
523,25,3
746,19,3
386,39,5
707,79,5
471,80,5
119,27,5
396,74,2
532,63,4
261,68,4
805,19,3
934,28,4
256,85,3
734,78,4
905,33,1
226,10,1
53,83,4
940,30,2
867,22,3
500,3,4
506,82,3
854,75,5
364,48,4
280,2,2
593,76,5
714,54,4
158,6,1
632,40,4
59,93,1
727,94,1
128,2,4
736,73,4
721,2,1
882,93,3
115,97,5
209,74,2
526,98,4
521,55,5
552,72,5
962,60,3
237,97,5
281,6,4
359,19,5
201,96,4
758,27,4
278,1,1
235,33,3
494,40,2
4,32,1
666,69,2
442,17,4
29,8,1
109,57,5
610,42,5
727,98,2
805,9,4
75,87,2
838,35,3
146,71,5
128,79,1
853,53,1
42,54,1
356,84,5
41,25,4
934,67,5
34,62,5
17,55,1
677,46,5
153,24,1
998,98,4
378,46,3
588,22,1
599,11,2
629,48,3
874,8,4
342,39,3
981,35,1
27,49,4
825,46,2
287,38,1
646,8,1
731,54,4
168,37,4
610,91,3
268,92,2
749,40,3
821,34,3
455,96,1
906,79,4
685,17,1
401,33,2
922,47,3
981,52,2
476,80,4
702,93,4
634,9,5
558,33,2
576,60,1
130,93,2
822,77,3
363,21,4
705,58,4
819,85,2
693,69,2
292,10,2
371,6,3
794,13,3
29,65,1
149,20,2
779,57,1
296,46,5
11,8,3
512,10,4
676,73,5
113,67,4
187,11,5
807,12,1
744,10,1
227,25,3
310,49,4
98,49,5
55,89,2
623,11,2
664,62,3
758,36,4
406,39,2
69,53,3
312,90,3
289,78,4
762,56,2
548,1,2
751,56,2
148,4,1
467,30,2
739,12,5
244,35,1
491,77,1
849,52,1
958,31,1
507,87,3
365,68,5
482,52,4
201,80,2
154,7,1
450,22,4
501,93,3
73,75,4
713,56,1
296,97,5
17,58,4
641,93,1
217,64,1
61,12,2
939,7,2
616,55,5
42,62,2
25,90,5
39,73,3
803,98,3
131,77,2
498,55,3
229,36,4
108,89,4
172,24,4
435,44,3
478,17,4
102,2,5
866,13,1
524,31,2
275,93,5
613,28,4
44,60,1
955,27,2
817,15,5
957,95,2
17,79,3
330,33,4
569,20,5
823,42,5
497,12,1
815,73,1
12,23,1
318,72,2
592,96,4
216,14,2
339,91,4
776,25,5
991,77,2
661,85,2
81,31,2
727,54,3
485,5,4
374,13,4
976,28,2
710,43,3
200,89,2
537,99,4
466,47,5
89,71,3
268,38,3
655,96,2
571,67,5
922,62,4
489,39,1
877,37,4
538,86,4
47,8,5
288,81,3
778,52,4
16,91,3
711,33,5
401,81,5
919,42,2
794,76,1
981,27,5
86,8,5
250,23,3
391,64,5
782,93,4
335,20,2
629,16,2
519,17,4
137,80,5
883,19,1
688,8,5
840,38,2
498,38,1
827,53,3
727,93,3
477,100,5
594,90,5
223,31,1
990,44,1
372,60,5
935,76,2
995,17,3
402,79,1
443,73,2
490,39,5
615,42,4
273,48,1
526,12,4
159,96,2
152,89,3
995,18,2
620,79,3
188,96,2
813,6,1
98,43,1
131,35,4
805,98,2
171,54,2
936,62,4
986,69,5
183,82,2
983,16,2
364,8,2
39,89,5
527,96,1
888,90,4
497,86,5
516,31,3
349,10,3
982,56,5
921,76,5
397,92,1
722,70,3
161,20,4
16,5,2
493,23,2
426,9,1
108,58,1
894,59,3
450,93,4
311,80,4
739,54,5
170,46,1
546,22,2
414,64,2
251,8,3
759,20,2
781,51,4
141,78,4
274,39,1
416,37,3
608,50,2
739,34,1
891,75,5
39,33,5
814,31,2
29,54,2
958,44,2
477,34,4
318,71,2
245,62,5
748,23,2
697,46,3
272,56,5
440,7,3
748,89,5
239,61,1
377,3,5
266,38,5
926,84,3
921,34,3
359,44,5
340,30,5
389,17,4
577,59,1
990,10,1
689,99,2
3,84,5
429,18,5
142,45,5
376,91,5
670,59,1
324,62,3
146,59,4
958,49,3
293,100,3
665,63,1
432,87,4
705,32,5
949,10,1
975,11,1
585,70,4
399,62,2
817,47,1
889,34,3
344,100,3
964,17,5
140,54,1
187,76,5
805,85,1
61,40,4
997,19,1
939,67,2
380,82,3
710,53,4
807,64,3
440,83,5
319,47,4
302,6,2
344,16,3
11,72,1
62,18,1
845,52,1
226,48,4
153,43,2
711,39,2
564,49,2
772,12,3
571,10,4
584,71,1
660,55,3
861,1,2
575,49,1
310,36,4
885,21,5
243,37,2
493,24,2
366,55,2
330,25,2
107,7,1
226,81,4
825,93,3
218,94,1
937,71,4
753,97,3
506,71,2
259,24,4
888,11,2
774,73,4
517,12,5
773,35,2
54,63,2
47,68,2
727,100,1
689,92,3
521,57,2
99,13,2
20,23,1
890,83,1
753,39,5
573,88,4
891,80,2
490,97,4
419,12,1
690,34,1
850,71,5
62,75,3
145,31,1
216,93,2
3,62,5
160,13,3
739,31,5
998,2,1
781,15,3
120,57,4
893,75,3
89,34,2
329,68,4
580,75,4
910,29,2
357,66,4
610,16,1
267,39,3
617,77,3
952,37,2
323,81,1
635,21,4
988,44,3
541,19,3
649,71,3
195,8,3
921,77,5
738,66,2
332,41,4
170,75,4
521,88,2
463,70,1
40,61,2
537,26,3
261,71,3
395,83,2
955,70,2
226,29,4
984,66,4
124,19,5
975,68,5
38,58,3
328,70,5
251,57,5
901,37,1
176,61,2
602,92,4
914,30,5
454,71,4
37,73,5
316,25,5
688,97,3
973,65,1
796,6,2
965,18,2
973,10,3
593,92,3
114,11,2
40,97,2
301,65,1
224,77,5
318,84,1
349,65,2
115,52,5
698,67,2
323,82,1
568,78,1
40,31,1
866,91,5
40,17,4
859,55,4
973,93,2
749,36,5
289,26,3
262,53,4
216,17,5
147,86,5
336,25,4
168,2,5
92,86,5
353,5,4
571,4,1
571,36,2
816,6,3
681,21,2
781,77,1
363,89,1
557,26,5
345,55,2
693,39,1
170,84,2
356,33,1
191,14,3
667,56,1
422,100,2
700,81,5
7,21,2
133,46,4
747,16,2
557,16,3
826,84,3
761,29,3
31,92,1
535,8,3
426,88,2
394,3,5
672,89,3
363,19,2
437,97,1
670,66,1
551,79,5
927,86,5
82,74,2
356,82,5
258,22,5
718,46,1
589,91,2
989,13,5
524,33,2
295,5,3
962,90,1
224,77,1
525,27,1
46,78,4
667,24,2
113,67,3
233,63,5
17,94,3
360,99,2
223,48,1
866,63,4
700,78,2
448,12,2
856,28,5
365,44,3
675,93,3
326,43,5
467,17,4
414,40,1
455,49,1
586,85,4
233,57,5
224,87,2
994,84,3
831,64,2
412,75,3
572,57,2
335,98,5
222,74,5
37,74,4
989,70,2
278,100,2
196,88,4
916,76,4
864,43,5
484,23,5
242,27,2
324,58,5
731,37,5
192,6,2
17,65,4
524,6,2
918,50,1
401,22,2
906,88,1
886,25,2
705,79,1
22,90,1
474,72,2
120,51,5
210,88,3
306,48,5
270,70,1
704,99,2
687,65,2
285,60,2
716,46,2
676,36,3
763,58,4
227,76,1
948,38,3
381,11,5
460,12,4
7,42,4
29,39,2
907,71,3
33,11,5
646,36,2
879,52,2
79,31,1
928,33,4
947,13,5
459,18,4
570,41,3
983,58,1
538,56,2
482,24,1
430,73,2
738,31,1
285,55,2
516,10,4
977,60,4
99,2,4
397,15,4
489,3,1
39,43,2
271,31,4
887,70,1
797,67,2
157,56,1
75,63,4
884,75,3
800,15,1
130,92,4
687,10,5
974,38,2
84,47,4
22,57,5
459,50,1
539,71,1
707,15,5
849,18,5
382,82,2
748,88,1
440,2,5
604,84,3
989,98,3
21,43,5
303,26,2
976,71,1
869,38,3
955,94,5
84,42,5
774,5,4
659,11,5
953,65,2
453,34,3
387,1,4
507,83,3
257,2,3
570,85,2
892,20,5
934,61,2
527,87,5
162,21,4
957,88,2
163,68,2
832,12,1
793,22,2
792,20,1
524,82,5
786,1,5
271,30,5
492,97,1
208,24,5
539,14,3
584,36,2
60,69,1
430,75,5
985,24,3
657,60,2
605,95,2
309,55,5
520,77,3
591,80,1
27,24,5
686,77,2
562,24,2
199,54,2
387,26,5
349,66,4
960,80,4
940,38,4
693,65,3
536,75,5
828,51,2
378,35,3
899,43,4
916,29,1
558,37,3
527,81,3
153,58,5
734,54,3
206,39,5
455,42,1
273,28,2
894,29,2
236,43,4
852,3,4
740,10,1
521,59,2
678,14,4
944,76,3
956,47,5
831,42,4
726,94,1
501,32,2
117,32,1
386,42,5
344,32,5
584,26,1
395,1,4
64,56,4
717,2,2
721,81,2
72,30,3
789,71,3
274,52,2
990,91,3
320,9,1
338,22,4
366,34,3
495,49,3
607,1,1
166,73,5
544,84,2
11,53,1
301,83,5
729,100,1
801,40,4
102,45,1
425,68,1
392,9,4
779,22,2
214,18,5
691,76,3
88,43,2
553,39,1
401,73,3
588,6,4
889,83,2
46,48,5
672,7,2
463,80,2
592,69,3
310,16,4
86,1,4
92,37,2
660,83,4
673,37,3
714,81,3
936,64,5
928,90,4
242,86,5
865,62,1
2,72,3
225,61,2
801,33,3
745,66,1
973,30,2
926,20,4
929,60,4
589,82,3
116,74,2
666,24,2
918,4,5
103,37,1
194,4,4
166,77,3
871,89,2
90,77,4
686,18,3
122,88,4
143,66,3
994,48,4
106,33,5
887,58,1
428,83,4
305,73,1
872,28,4
971,35,2
317,10,5
963,65,5
635,42,1
902,85,2
9,9,3
774,60,5
73,15,2
359,99,2
223,57,1
416,69,2
553,22,2
370,64,3
716,41,1
264,87,1
840,71,2
690,56,3
860,23,4
318,25,5
84,91,1
318,6,3
111,34,3
251,63,2
383,9,5
7,60,1
459,49,4
84,97,2
208,51,1
900,60,1
390,70,3
314,37,5
22,31,4
410,98,5
895,41,3
515,62,4
127,93,4
809,58,2
700,14,4
874,36,1
14,36,5
971,79,5
978,8,2
12,26,4
87,36,3
524,48,1
909,85,2
537,28,4
301,68,3
243,62,4
122,80,2
147,86,3
567,76,3
750,80,3
356,51,3
685,42,4
904,29,3
733,82,4
631,10,3
309,39,3
695,82,2
288,1,4
307,39,4
812,21,5
594,65,2
966,15,4
914,4,2
723,60,2
662,61,2
549,20,1
352,10,4
312,87,2
873,34,1
59,48,1
643,33,3
924,98,3
714,61,4
755,10,3
35,54,4
445,84,1
93,65,1
950,77,4
959,1,3
207,5,3
353,80,4
903,15,5
332,28,3
817,95,2
862,23,3
725,17,5
159,98,1
954,13,1
957,14,1
24,11,3
404,28,1
805,42,5
516,96,5
732,99,3
364,61,2
382,64,3
532,31,1
956,81,3
152,73,5
562,10,3
689,8,3
947,21,2
608,77,5
617,59,4
420,50,4
250,69,5
117,70,4
866,30,1
512,95,4
740,17,1
578,75,5
335,20,4
418,48,4
932,73,1
774,2,1
295,37,3
938,1,2
755,4,4
371,100,2
186,54,2
246,25,4
637,3,1
268,9,3
643,86,5
237,87,4
530,76,4
552,74,5
21,34,2
911,43,3
737,74,2
867,94,5
794,22,5
520,70,3
100,2,5
752,94,5
478,66,3
599,32,4
298,16,2
940,76,4
526,1,4
334,72,2
2,48,4
375,50,3
293,13,2
837,15,1
934,53,4
553,44,5
318,8,2
502,74,1
828,46,5
381,69,1
623,19,4
14,38,5
504,11,4
231,43,5
985,20,2
84,20,3
130,21,3
743,82,1
838,57,5
145,50,4
891,74,2
857,98,2
28,26,2
66,30,3
163,73,4
229,31,2
261,42,2
449,68,1
424,61,5
460,61,5
952,70,5
676,78,1
301,68,3
919,90,1
303,17,2
287,19,4
395,51,2
10,70,2
707,63,4
630,93,5
270,75,1
592,80,3
970,30,2
605,25,2
778,75,3
844,71,1
862,26,2
361,56,3
257,22,2
133,89,5
276,19,5
776,31,2
683,26,2
972,42,5
513,41,2
313,100,1
576,23,1
886,47,4
980,13,1
284,89,2
121,66,2
107,66,3
933,16,1
687,73,5
997,28,5
204,77,4
165,35,3
305,41,5
497,77,4
632,31,1
556,85,3
824,32,3
156,54,2
367,98,1
719,72,3
902,59,4
620,41,5
251,66,1
957,96,1
916,54,3
882,40,3
334,28,3
642,37,4
969,65,2
511,74,3
293,55,2
20,4,2
282,99,1
797,10,5
1,47,5
119,75,4
35,14,4
198,38,5
485,12,5
757,45,1
59,17,1
837,80,5
161,35,3
691,66,3
206,75,1
12,41,2
490,67,5
276,29,4
693,18,3
242,20,2
216,14,3
251,34,2
811,49,5
126,54,5
994,31,5
217,58,1
306,42,2
797,58,4
185,82,4
39,30,5
223,25,4
184,63,3
495,19,2
427,72,2
178,92,2
919,8,3
428,95,1
294,3,3
852,67,2
151,86,2
384,81,2
638,100,4
813,17,1
308,14,3
336,9,2
946,62,5
746,94,1
892,21,5
375,76,1
8,37,2
341,96,1
129,11,1
776,20,2
669,35,5
352,53,5
358,47,4
517,75,5
495,52,5
86,8,1
175,4,4
802,27,2
193,44,2
311,40,3
119,47,4
218,94,1
427,44,3
970,48,3
414,91,2
114,85,5
978,52,1
145,84,4
538,68,3
648,11,1
303,77,2
744,73,3
881,4,3
588,76,2
987,73,2
840,77,2
345,48,1
814,26,1
964,77,1
801,39,5
1,92,3
147,58,1
287,19,5
976,88,3
654,83,1
53,77,2
304,77,4
69,58,1
361,28,4
602,66,1
958,10,2
220,86,4
962,77,5
704,58,2
966,73,4
575,97,4
585,14,2
161,84,2
681,15,2
89,96,3
688,33,5
781,17,1
585,24,4
757,30,1
589,62,2
159,13,5
489,62,5
971,47,3
324,16,2
610,66,4
381,81,3
102,96,2
494,43,3
644,8,1
614,3,2
19,12,4
454,84,4
482,16,2
594,78,3
397,80,5
279,59,2
851,49,4
365,63,1
331,62,4
641,49,5
344,51,4
822,33,5
455,30,2
601,59,4
725,76,3
655,15,3
65,82,4
76,92,4
711,23,1
143,78,4
917,94,1
915,97,1
828,45,1
605,62,1
473,79,2
417,71,3
305,15,1
736,46,3
497,64,1
291,46,3
940,56,4
102,44,4
986,75,3
267,29,1
867,95,2
968,62,3
622,89,5
974,52,2
842,54,5
962,88,3
942,57,1
777,83,5
3,66,3
85,22,2
794,20,1
328,33,5
816,72,3
450,25,1
454,46,1
924,73,4
629,98,1
221,57,3
154,87,2
665,5,4
12,55,3
133,61,3
994,89,3
304,8,5
293,16,5
975,48,2
300,61,3
740,15,5
783,65,5
43,22,5
944,3,2
343,54,2
326,14,3
814,36,4
498,82,3
364,82,5
891,67,5
427,10,1
21,49,3
407,65,5
619,91,5
336,57,4
815,27,1
117,75,3
124,5,2
399,71,3
793,83,3
804,57,4
715,93,3
51,15,4
783,99,4
324,76,5
789,30,2
141,20,4
470,37,1
787,3,1
802,73,2
334,41,4
893,39,2
964,26,5
373,2,1
564,23,3
494,23,1
539,85,4
669,16,2
751,9,1
156,13,3
291,28,3
648,27,2
144,51,2
106,64,1
420,52,4
670,81,5
658,38,3
2,100,2
945,65,5
589,18,5
644,63,5
90,51,4
345,9,2
350,13,3
459,40,2
263,55,1
351,79,3
108,43,2
586,44,3
39,68,1
909,33,3
159,24,5
583,36,4
959,10,1
312,100,3
241,20,1
938,75,5
445,12,4
298,62,1
952,18,5
36,94,5
84,63,5
452,84,3
886,25,2
775,12,1
822,21,2
385,25,5
172,11,2
376,64,5
685,73,5
362,50,4
559,62,4
891,89,2
141,99,1
887,96,2
918,49,1
118,14,2
277,1,3
726,81,3
220,25,1
905,59,4
26,72,1
521,69,2
783,5,5
10,99,3
984,19,5
378,23,3
633,9,2
637,94,3
682,50,1
584,16,5
152,33,5
720,2,2
49,14,5
154,1,2
859,90,4
293,58,1
580,89,3
50,16,3
664,79,3
531,90,4
612,47,1
60,44,5
167,80,5
202,14,1
857,93,1
146,24,3
915,55,5
676,15,1
970,83,5
993,72,1
439,34,2
242,2,3
581,27,1
687,74,4
561,99,1
483,87,2
108,72,4
226,92,4
673,23,1
631,68,2
661,14,4
977,63,3
662,93,3
432,65,5
805,68,5
655,63,2
419,96,4
988,97,3
455,90,3
160,81,2
523,87,4
650,64,2
969,32,1
590,79,3
77,13,2
509,66,2
441,19,1
254,24,5
921,88,3
770,11,2
320,59,3
803,86,5
263,15,2
597,10,1
658,41,3
835,27,1
554,60,5
374,73,5
637,52,3
167,28,5
937,65,4
753,17,3
459,95,4
999,44,5
280,10,3
700,63,4
302,93,5
531,82,2
580,47,2
218,38,1
102,70,2
554,76,4
288,53,2
167,78,3
621,44,3
36,74,3
744,54,2
741,20,2
353,79,1
676,31,5
899,7,1
73,58,4
648,10,3
353,10,2
891,39,5
70,28,5
425,30,2
999,37,1
708,67,5
781,43,1
561,79,2
828,85,1
642,52,3
956,56,2
517,76,2
428,68,5
539,9,5
160,92,5
149,23,3
776,63,3
230,61,4
712,40,2
562,44,5
67,86,2
812,24,1
381,51,3
58,58,4
259,90,1
342,94,2
838,33,3
130,16,5
727,22,1
172,57,3
770,62,2
614,82,2
209,71,1
803,90,1
354,72,1
471,70,4
798,30,5
116,23,3
264,32,2
662,86,2
812,57,5
442,9,1
548,31,1
453,71,2
845,9,5
477,13,2
287,58,1
303,3,3
311,35,1
208,97,3
618,21,4
446,64,5
670,95,4
633,52,1
55,34,5
912,96,1
12,35,5
657,15,5
400,96,1
908,6,1
648,85,5
980,97,5
515,32,1
656,52,1
542,83,2
237,97,2
279,28,2
348,95,4
627,85,5
104,98,3
630,64,4
517,79,5
980,78,3
872,19,2
248,15,3
364,6,1
321,73,1
633,84,5
286,98,4
149,38,2
84,26,5
966,82,2
406,92,1
978,51,4
456,73,4
743,96,1
800,53,3
161,56,4
784,59,3
460,70,2
550,78,4
500,92,1
738,58,3
509,88,2
654,13,2
804,43,4
481,76,4
663,51,5
114,19,5
749,21,4
578,91,5
361,83,1
341,24,1
770,26,5
987,45,4
761,28,1
969,82,2
449,100,4
843,29,3
835,17,3
180,68,4
702,44,5
407,61,1
666,93,1
196,68,4
466,74,2
311,25,5
262,95,2
419,67,4
406,2,4
939,89,2
143,49,3
342,70,4
316,26,5
101,72,2
244,99,3
490,27,2
12,89,3
239,18,3
561,54,5
42,1,4
678,61,3
594,3,4
429,68,5
803,41,4
158,37,1
216,51,3
670,15,5
462,8,2
134,38,5
67,83,3
848,56,5
7,47,2
948,90,1
526,10,3
73,78,3
399,49,5
405,41,4
675,83,4
578,30,2
859,5,1
130,95,1
931,71,5
466,83,5
206,31,4
788,52,1
978,88,1
768,98,1
266,23,2
537,48,2
962,40,5
793,6,4
253,38,3
822,41,4
289,100,2
164,27,2
95,75,5
782,69,3
833,57,1
110,17,3
336,71,3
822,91,3
238,47,5
381,79,2
436,13,1
899,11,3
483,90,1
937,86,3
902,92,2
25,24,1
653,93,4
117,73,2
482,4,1
392,46,3
917,18,3
994,43,2
964,80,2
537,33,3
79,93,1
580,10,4
173,73,5
956,59,2
12,31,3
800,28,1
128,60,2
608,3,1
92,55,2
653,14,3
543,58,1
846,89,3
532,15,1
658,2,2
989,24,5
828,78,5
447,64,4
390,71,4
672,100,3
861,24,1
43,27,4
254,37,2
130,94,5
60,91,1
663,39,5
467,63,1
287,79,4
517,26,4
467,65,3
930,4,1
778,29,2
345,1,4
642,50,3
382,86,4
779,11,5
690,74,4
253,59,1
927,62,3
56,81,1
463,36,2
457,56,2
983,90,4
83,21,3
905,13,3
99,9,3
149,11,3
329,75,4
156,70,1
190,1,4
494,70,1
883,77,5
263,86,5
80,56,1
400,31,4
764,86,2
609,37,4
260,47,2
772,91,4
615,78,3
552,47,3
785,69,5
101,58,5
359,36,1
380,32,2
820,98,3
221,64,4
820,71,1
420,42,4
124,48,3
422,74,3
231,81,3
690,30,3
63,21,4
485,60,1
628,13,3
703,1,5
574,65,1
768,33,5
483,38,4
519,25,3
155,26,1
92,77,3
982,59,3
526,92,1
455,33,3
741,41,3
598,30,2
645,57,2
510,49,1
183,48,1
386,72,3
574,49,5
731,47,1
405,56,3
246,65,5
742,12,2
591,69,1
661,88,3
650,6,2
471,89,4
826,65,2
888,25,3
423,1,5
901,32,4
65,3,4
13,49,4
213,19,1
986,60,3
242,29,4
493,50,2
213,2,5
693,73,3
338,56,2
997,17,1
173,60,4
672,36,2
164,61,3
465,17,2
995,49,1
497,76,5
700,60,4
395,20,3
703,50,4
917,3,4
308,43,4
768,57,2
183,50,2
629,68,5
794,81,1
510,50,3
708,37,2
546,46,4
564,42,1
624,15,3
764,33,3
594,80,3
744,11,3
227,20,5
745,24,3
733,64,1
436,80,2
925,94,1
422,98,4
554,65,5
21,88,5
554,88,4
397,73,1
625,86,1
105,76,4
192,17,3
17,89,3
120,92,2
393,61,1
425,15,1
129,94,4
130,51,4
572,27,3
560,86,1
29,74,1
97,61,5
10,58,2
242,31,2
826,91,3
956,12,1
232,46,5
789,31,1
284,32,4
715,32,3
759,99,2
802,53,1
776,61,3
955,46,2
726,85,1
200,74,5
945,80,3
79,7,1
913,4,2
956,91,2
855,52,5
856,89,3
173,31,3
467,75,1
581,84,2
416,36,2
940,54,5
449,54,5
87,17,3
101,75,2
8,30,1
845,99,4
200,22,1
505,43,5
87,27,1
43,37,2
385,46,3
621,35,4
435,4,3
408,80,4
483,80,4
664,85,2
17,26,2
645,100,5
148,19,5
277,81,4
232,45,5
826,26,2
927,22,5
366,58,4
228,63,3
651,28,1
436,65,5
399,44,2
211,100,3
391,43,2
499,37,5
540,66,4
563,17,1
491,40,1
442,38,3
261,85,1
773,61,4
350,9,2
352,77,4
520,75,3
320,61,3
138,80,1
550,16,4
623,2,2
992,72,4
368,43,2
220,42,2
337,77,4
223,57,5
648,81,4
768,88,2
360,67,3
921,30,3
329,13,1
962,19,3
463,7,5
946,9,2
963,83,4
561,54,4
804,86,5
382,82,3
836,61,2
590,87,3
617,2,1
169,50,3
217,75,1
378,31,4
119,33,2
190,78,1
767,80,3
370,11,3
778,33,4
149,7,5
676,31,5
652,48,3
859,47,5
488,78,2
770,92,5
374,53,2
781,80,3
693,19,3
160,81,3
351,90,4
912,6,5
288,49,1
288,73,1
892,50,3
226,81,5
523,95,2
522,12,1
783,23,3
273,54,1
936,69,1
402,100,1
183,59,3
969,36,3
665,3,4
488,58,4
827,88,4
846,55,1
124,57,5
985,17,3
626,39,4
790,90,5
414,68,4
980,55,4
725,45,5
172,76,4
288,1,1
435,21,1
686,83,1
113,21,2
888,52,4
917,82,2
995,43,3
122,52,5
544,67,3
222,44,2
631,32,1
39,10,4
497,64,4
780,79,1
233,69,4
943,68,5
530,28,5
149,53,5
397,51,3
661,53,1
638,4,5
904,79,2
302,17,5
360,67,3
238,74,2
647,47,1
663,56,1
236,23,5
736,18,2
203,1,2
256,35,5
598,64,5
662,58,4
235,95,4
345,59,5
534,1,3
860,3,4
797,67,5
781,37,2
466,83,4
770,29,3
541,89,1
213,33,2
463,100,3
436,61,3
283,93,3
562,90,2
607,4,3
463,14,1
407,91,4
88,33,2
44,22,3
461,48,5
278,3,4
683,87,2
421,85,5
701,23,5
353,68,3
696,21,2
515,43,3
703,95,1
630,85,5
19,26,1
23,41,3
413,99,4
30,38,5
807,88,4
108,11,2
367,29,5
281,60,1
128,67,4
229,65,2
111,61,5
136,19,2
362,46,1
186,49,5
656,22,2
584,78,3
129,57,5
876,14,5
261,44,5
515,16,5
449,97,3
900,77,1
104,12,3
483,55,3
224,51,2
832,39,4
874,33,4
866,33,2
491,29,3
473,69,2
10,70,5
405,31,2
896,80,2
302,31,5
231,89,4
731,46,5
923,97,1
66,77,2
937,52,2
112,10,4
13,88,3
393,74,5
500,41,3
932,95,1
598,77,5
234,3,1
602,59,1
314,52,1
566,34,5
12,49,5
209,28,4
974,83,2
14,87,3
633,96,3
418,13,1
437,97,5
377,98,5
20,97,1
587,69,2
912,67,3
755,61,4
735,60,2
70,71,5
824,24,1
211,63,3
101,86,1
698,61,5
132,23,1
623,30,3
381,60,1
132,18,3
20,96,1
906,56,1
536,53,3
227,7,1
154,97,2
805,69,4
742,92,2
469,72,4
822,79,2
1000,52,4
871,4,1
405,34,3
202,69,3
38,33,5
942,69,4
772,38,5
188,98,5
57,26,4
941,1,3
20,4,4
273,39,1
119,54,5
583,90,5
516,33,4
221,33,5
526,72,3
515,20,5
728,16,4
741,21,3
336,45,3
698,90,5
55,87,4
500,82,5
900,62,1
888,31,1
766,42,3
536,12,5
162,65,1
670,73,2
594,3,1
915,90,5
159,9,5
188,51,1
60,16,5
915,88,5
817,78,2
319,3,3
878,98,5
211,97,4
406,24,3
664,73,3
109,13,4
76,2,1
542,71,2
314,21,5
998,19,1
117,89,4
927,47,2
868,22,2
704,75,2
19,33,4
432,32,1
685,64,5
740,85,2
350,39,2
183,84,1
113,72,2
183,42,2
481,9,4
146,25,3
831,89,1
628,97,1
113,2,1
763,19,4
476,20,4
763,93,5
303,70,4
971,17,1
825,89,5
118,68,3
813,94,2
161,84,2
401,3,5
198,87,3
260,51,2
660,82,5
752,26,4
47,56,1
987,100,3
399,64,2
710,8,1
559,81,5
78,95,2
124,37,1
75,97,4
871,27,3
137,45,5
602,4,2
400,86,4
837,90,3
505,96,3
500,88,4
573,99,2
138,37,3
50,96,5
771,71,1
973,33,5
619,31,3
625,55,1
862,12,4
254,11,1
630,88,1
710,72,1
849,32,3
877,57,2
563,38,3
757,60,2
915,86,4
426,98,4
547,19,4
302,84,4
922,56,4
581,14,5
349,33,3
832,10,2
933,80,4
980,64,5
49,64,5
917,62,5
74,68,3
704,91,4
261,92,5
356,43,5
582,80,4
602,59,3
260,52,5
638,97,2
743,19,1
295,21,1
931,22,1
641,9,3
792,9,5
313,73,1
612,27,1
838,17,4
809,44,5
182,45,5
686,8,4
828,80,5
364,18,2
188,33,3
569,1,4
543,76,1
596,6,5
664,41,2
985,55,2
548,5,3
725,59,2
926,80,5
408,18,5
876,49,2
618,82,5
414,65,5
342,83,1
220,54,4
903,61,5
163,8,5
951,3,3
220,25,4
270,69,4
632,55,4
906,40,2
848,83,1
400,82,1
182,50,3
991,95,4
618,33,4
729,18,5
205,57,2
582,16,2
556,80,3
841,38,1
813,41,4
228,7,3
696,78,2
619,53,2
596,63,2
850,89,4
250,32,4
875,38,4
441,22,5
533,16,1
196,52,2
690,29,2
929,16,5
987,76,2
519,17,2
70,64,4
639,91,4
399,89,1
978,13,2
672,72,3
760,56,2
203,5,2
148,12,1
472,41,3
655,3,2
944,99,3
199,33,4
917,86,4
426,50,3
666,56,2
492,9,3
888,82,3
896,50,4
142,29,3
313,39,5
165,91,5
314,100,4
21,45,2
82,17,2
581,56,4
131,98,2
599,46,1
730,67,5
933,69,1
984,14,1
305,67,1
915,23,4
371,94,1
857,61,3
853,23,2
384,27,4
908,54,3
445,10,3
425,89,5
161,77,5
178,16,3
629,41,5
708,98,2
895,55,2
490,61,5
327,86,1
598,81,3
289,87,2
593,100,5
664,49,5
573,73,2
573,52,2
354,2,1
28,96,5
954,50,5
43,86,4
681,43,1
423,77,2
598,8,2
177,59,3
529,65,2
610,81,5
966,12,2
494,4,5
198,77,5
610,95,1
577,41,2
842,7,1
853,87,5
517,88,2
514,69,2
22,69,1
112,81,1
57,30,5
66,73,5
842,6,2
98,89,2
144,19,4
880,80,4
435,85,3
637,66,5
679,10,3
86,16,3
588,37,1
344,79,1
936,77,4
294,77,3
956,32,4
571,47,5
650,72,2
611,43,1
704,82,5
243,36,5
831,26,1
561,10,1
960,31,3
32,97,4
391,29,5
277,5,3
532,77,3
154,1,5
383,87,5
68,3,2
878,67,4
884,71,5
214,100,1
655,35,2
376,15,4
744,67,1
213,93,1
79,30,4
726,82,2
628,75,1
604,43,3
782,60,4
923,40,4
381,65,5
680,29,2
58,74,3
796,92,3
26,95,5
881,19,1
447,3,1
66,36,3
921,43,2
760,15,1
254,97,4
899,41,5
968,90,2
44,80,1
97,36,3
554,97,5
227,84,1
774,77,3
679,33,1
436,5,5
791,78,4
601,91,4
379,87,3
178,14,4
427,68,5
915,83,3
709,47,1
307,54,2
779,4,1
504,94,5
268,83,3
586,95,1
8,95,3
920,9,4
508,53,2
476,77,5
297,78,1
164,60,2
485,46,5
597,54,5
72,74,4
567,95,3
905,37,3
559,23,2
911,27,4
944,70,5
238,90,4
104,66,4
210,61,2
554,77,3
828,51,4
468,50,4
454,19,4
268,1,1
386,40,4
775,32,4
848,22,5
387,93,1
877,66,4
259,40,4
283,38,2
626,48,2
875,55,1
40,75,5
486,81,1
929,55,1
220,51,2
129,60,2
520,8,5
613,86,4
928,68,5
892,75,4
688,72,3
619,9,2
613,90,3
260,2,3
990,80,2
966,95,3
366,70,1
758,85,4
787,90,5
544,59,2
649,19,1
524,28,5
907,72,5
814,14,5
887,24,3
16,44,3
129,56,3
575,90,3
109,95,1
887,51,3
533,32,2
670,50,5
269,41,1
162,66,3
260,25,5
924,61,1
102,66,5
506,42,1
735,65,4
571,36,1
247,76,3
640,9,5
795,36,5
837,92,5
537,38,2
131,33,2
353,42,3
196,61,4
793,46,2
916,86,1
930,89,3
666,61,4
382,18,1
645,70,5
227,82,2
701,80,1
476,15,4
477,48,3
265,72,1
372,13,3
486,43,5
434,60,4
646,57,4
211,71,2
572,17,4
940,50,1
377,32,1
395,22,1
450,55,5
943,57,4
364,13,4
876,47,1
457,87,2
725,62,2
728,54,4
226,29,4
982,22,3
131,65,4
588,29,1
476,48,5
798,5,4
986,35,4
277,74,1
156,83,3
760,71,4
218,46,2
190,35,2
417,45,2
981,13,5
675,10,5
692,66,4
546,70,4
41,72,4
307,100,5
943,25,4
338,44,1
314,60,3
75,47,2
953,40,2
279,7,1
176,46,4
896,23,5
662,83,4
273,46,4
837,86,2
620,13,2
651,21,5
862,1,2
783,19,4
859,60,1
931,33,5
289,4,1
724,3,4
893,91,5
272,52,1
930,99,5
66,28,4
483,70,5
936,70,4
248,55,5
156,57,5
47,87,2
935,97,4
454,16,3
201,24,5
660,69,1
124,41,2
1,77,2
968,47,5
759,76,3
855,69,2
640,31,4
191,92,5
579,92,5
516,30,3
442,18,4
921,44,4
815,27,3
806,99,1
143,26,4
191,60,1
533,18,1
227,97,5
313,89,5
629,56,2
949,31,5
302,59,4
654,2,4
996,97,1
460,39,4
401,61,5
551,63,5
393,96,5
867,18,3
764,17,4
845,98,2
207,39,4
210,71,4
115,54,3
737,99,4
646,94,1
251,76,5
219,35,5
407,11,3
443,61,5
603,44,1
354,68,3
888,25,2
558,48,5
550,32,4
142,84,1
612,95,1
501,4,5
840,38,2
702,63,4
547,47,2
659,1,2
542,3,5
846,86,4
507,62,5
596,64,5
881,17,1
281,78,5
424,62,3
856,35,4
270,13,1
154,35,4
614,43,1
727,2,3
662,56,5
944,77,1
83,51,1
622,54,1
947,16,3
899,18,4
426,7,3
275,45,1
713,36,1
284,41,5
980,94,3
173,42,3
327,7,2
718,15,4
63,60,2
73,40,2
763,83,4
636,37,5
375,66,5
633,55,4
508,77,4
787,95,3
943,80,3
398,56,3
120,44,3
934,57,1
437,6,1
829,92,5
676,32,1
936,74,1
465,18,3
286,68,3
265,73,4
320,7,3
673,8,4
376,64,4
820,7,1
89,41,3
654,40,1
203,3,3
821,17,1
739,66,1
955,79,1
334,93,5
222,52,1
41,22,2
708,4,2
68,6,2
988,38,4
776,26,1
514,11,2
873,90,4
637,17,2
622,88,3
598,92,5
937,99,1
632,31,5
127,77,5
255,35,3
695,16,3
16,79,3
477,18,4
62,62,2
881,27,1
432,35,3
670,45,1
268,35,1
35,28,1
779,9,3
576,76,3
494,15,2
562,21,3
469,52,3
767,35,1
661,97,2
325,51,5
304,83,3
276,55,3
869,87,5
963,77,1
684,44,2
929,65,1
201,93,4
445,88,3
905,80,4
324,25,3
35,87,4
977,92,5
482,47,3
728,80,3
480,56,4
65,38,2
8,11,4
301,67,3
343,15,3
431,1,2
424,7,1
332,1,2
438,49,1
588,96,3
174,73,5
559,29,5
527,26,4
873,87,2
659,45,2
26,93,5
820,97,1
605,71,2
406,12,1
232,95,1
533,32,1
819,20,1
550,51,4
788,81,4
505,36,5
669,67,4
179,1,2
132,27,4
823,40,2
455,97,2
348,84,1
540,14,5
772,100,1
406,69,1
76,87,4
941,79,4
579,6,2
854,33,4
492,55,4
194,19,3
984,77,2
162,29,2
347,61,3
951,70,2
361,79,5
769,80,5
584,24,3
87,23,4
934,10,5
262,54,3
214,41,5
665,49,1
722,17,3
913,56,2
573,45,5
780,30,2
262,44,3
730,74,5
283,55,2
648,19,4
467,29,4
380,2,1
362,36,3
449,19,2
441,7,1
93,26,3
621,79,4
753,38,2
867,3,5
424,80,4
142,66,5
291,95,5
432,92,2
749,71,2
852,94,5
824,43,1
689,62,5
653,71,5
701,100,2
998,93,3
49,24,4
302,39,2
881,68,1
190,93,4
136,44,2
555,5,2
404,55,3
892,93,1
865,30,1
602,29,2
807,26,3
341,83,2
757,26,5
945,37,5
704,91,3
318,94,2
618,53,3
363,30,2
822,3,2
382,43,5
233,7,4
777,49,1
344,73,1
549,41,3
817,77,1
553,79,5
529,54,4
856,69,2
789,93,2
819,99,5
571,91,1
935,27,2
183,8,1
41,32,5
551,84,2
397,64,3
704,10,4
779,13,1
494,63,1
659,93,1
907,35,1
333,61,5
127,54,5
558,8,5
557,29,5
1,95,2
168,41,5
620,30,2
19,86,3
332,21,5
584,76,3
456,11,5
957,2,3
109,50,4
268,41,3
445,66,2
240,98,1
929,3,3
301,80,1
602,51,4
103,68,4
988,87,2
250,84,2
453,25,3
520,30,5
153,82,4
859,11,1
174,93,5
343,17,4
670,26,3
431,23,4
727,56,2
689,52,1
687,48,1
852,20,2
850,2,5
658,88,2
962,31,1
324,27,3
990,2,5
673,78,4
639,4,3
420,13,5
594,100,1
485,35,1
659,72,3
751,66,5
412,6,4
936,31,4
84,10,2
113,21,3
737,74,5
332,23,3
378,3,4
755,32,5
655,20,1
41,74,1
935,29,5
770,52,3
959,46,3
797,34,1
105,84,1
202,61,4
450,72,5
819,71,3
843,70,4
973,11,3
266,82,1
910,93,5
210,89,2
563,63,5
118,21,2
713,3,4
377,82,2
551,88,2
540,10,4
771,27,5
84,12,4
454,7,1
667,17,1
629,65,2
514,64,4
605,26,4
678,15,4
387,33,5
912,62,3
350,47,3
296,95,3
258,35,5
81,65,4
937,72,3
268,76,4
419,83,2
235,25,3
833,57,2
311,32,5
813,63,1
975,12,5
986,63,5
357,77,5
213,92,3
574,1,2
49,51,3
127,70,1
223,8,5
921,68,4
279,5,1
408,89,2
505,86,1
294,92,3
796,39,4
277,23,3
438,68,5
107,52,5
658,4,1
420,47,5
611,21,5
429,56,2
375,66,2
73,59,3
949,7,3
998,49,2
634,16,1
30,17,2
188,84,3
364,87,4
866,98,5
800,75,4
451,34,4
195,33,5
156,26,2
172,66,1
847,63,4
41,87,1
63,41,3
23,86,4
360,58,3
75,98,2
560,79,4
672,10,3
825,15,3
118,42,2
612,93,1
380,57,1
929,87,4
920,17,2
679,60,4
290,9,1
440,36,2
668,73,5
933,80,2
7,36,2
196,48,5
421,51,3
568,97,3
833,95,3
193,70,1
559,74,2
148,80,5
787,68,1
669,22,5
202,77,1
444,80,1
914,93,1
988,6,5
419,26,4
427,75,1
479,88,3
475,93,2
126,3,4
395,52,4
817,74,5
881,60,4
806,63,5
576,65,5
325,52,3
392,90,1
930,76,4
688,14,1
628,89,1
440,72,1
204,68,5
486,28,1
833,71,4
31,10,5
388,57,4
625,100,5
877,66,2
434,90,2
837,50,2
926,14,2
376,16,5
344,54,1
443,43,3
579,42,3
75,81,2
557,22,1
772,68,4
666,19,1
155,66,4
430,39,3
363,73,1
448,19,1
987,16,3
234,54,1
563,25,4
818,18,1
262,23,4
827,85,2
125,11,1
911,39,4
245,68,3
542,25,2
938,63,1
485,96,4
122,30,1
125,45,4
549,90,1
170,61,2
124,100,2
869,51,1
35,98,1
87,9,5
646,76,1
708,2,1
786,5,2
201,62,1
369,69,3
797,52,1
77,86,5
59,5,4
431,59,2
638,68,3
500,9,4
913,93,3
109,22,2
736,27,5
278,10,2
68,80,3
69,61,3
165,51,2
489,10,1
305,6,2
909,62,5
674,5,2
365,70,4
854,63,1
821,56,4
379,59,2
343,63,1
947,89,4
899,59,4
554,51,1
354,50,1
416,4,3
109,48,1
563,32,2
762,51,5
497,52,3
341,99,1
942,74,5
383,34,3
533,36,2
300,70,5
139,43,1
359,16,1
836,59,2
499,53,3
385,19,5
604,98,2
959,89,3
280,95,4
637,41,4
483,81,3
909,47,1
111,94,1
866,54,4
139,55,1
996,95,1
435,19,3
509,62,3
273,99,1
99,93,3
764,59,5
850,65,4
104,68,5
214,28,5
761,18,1
664,26,1
762,19,5
787,55,5
165,57,2
999,6,2
853,1,4
520,8,5
284,97,3
517,51,2
657,85,1
613,88,5
164,25,3
886,47,3
659,55,3
64,64,1
91,83,2
117,93,3
866,10,2
267,56,4
822,12,1
685,33,2
559,71,2
140,17,3
246,61,3
661,10,1
758,31,2
395,60,5
487,70,3
476,17,3
517,50,4
977,37,1
184,82,2
20,62,2
937,90,2
558,80,3
524,72,1
582,88,2
529,77,5
883,29,4
147,32,4
666,88,2
304,80,3
620,11,4
748,96,4
820,6,4
864,35,4
582,33,2
695,18,1
762,37,1
228,13,3
102,74,5
587,90,1
417,81,5
958,64,1
216,1,1
407,63,3
399,89,4
923,34,3
715,10,1
704,84,4
761,7,4
499,56,4
754,80,5
465,37,1
691,29,2
949,12,3
974,17,5
731,48,3
82,84,2
604,26,4
947,83,2
687,12,3
751,21,2
772,42,1
903,61,2
365,58,1
163,54,2
48,34,1
511,7,1
329,35,2
840,15,5
116,65,4
941,90,4
849,99,4
337,25,1
881,59,4
737,79,1
864,86,5
840,6,2
147,52,2
575,79,1
806,88,1
323,21,5
443,71,4
837,93,5
13,96,2
943,32,2
494,53,4
701,59,2
287,69,1
720,62,2
114,4,3
480,86,4
22,18,4
349,99,4
726,81,3
683,56,5
835,24,1
566,66,4
906,13,2
810,62,1
320,54,2
126,15,1
277,69,1
976,3,2
204,37,2
194,37,1
681,3,4
664,63,2
547,35,3
696,52,3
286,87,1
57,28,5
734,94,1
303,18,1
163,36,4
19,33,4
370,64,5
264,26,5
794,48,5
113,40,5
488,17,5
327,40,1
542,7,1
647,57,3
579,8,3
65,56,2
292,31,1
25,59,5
549,58,2
1,12,4
911,48,1
549,31,3
141,83,1
744,63,1
648,74,1
901,39,1
188,76,4
128,20,3
201,48,1
127,71,4
257,54,2
676,78,1
547,75,4
194,71,5
703,29,2
104,74,3
535,93,1
265,73,1
802,100,4
942,48,3
974,74,5
384,83,2
260,56,3
414,95,1
991,17,4
358,9,5
75,97,4
355,34,2
584,45,3
771,88,4
910,9,4
188,7,1
973,16,4
685,19,5
992,6,3
290,11,2
45,76,4
573,61,5
83,42,2
123,13,5
358,12,4
528,85,4
66,74,3
936,20,1
657,50,5
375,36,1
162,92,1
746,88,2
380,69,2
656,37,5
358,12,1
188,99,3
322,40,1
450,54,2
474,2,1
13,50,4
184,41,4
111,45,3
927,9,5
508,62,1
290,86,4
295,47,5
451,5,4
904,76,5
215,1,5
974,44,4
632,22,2
894,38,5
567,19,1
27,80,4
630,31,2
733,67,4
231,87,3
565,42,1
807,82,3
321,26,5
913,13,5
233,58,3
670,18,3
437,67,5
781,87,2
533,3,1
403,55,4
53,89,3
787,91,1
313,58,4
281,63,4
726,91,3
31,52,2
337,89,2
183,24,1
23,72,1
544,9,5
446,37,2
74,94,1
10,83,5
484,53,4
456,80,1
566,24,5
564,21,2
660,100,4
160,40,1
882,62,2
14,70,4
178,69,3
412,14,2
878,42,3
53,50,1
408,61,5
847,4,1
22,72,2
30,88,3
703,75,3
260,17,4
205,85,1
59,57,1
471,90,2
776,48,3
466,44,2
12,45,2
631,91,3
927,80,2
974,90,3
290,33,2
850,31,5
760,47,2
354,6,2
639,72,5
75,71,1
873,34,3
716,53,4
561,14,5
591,16,1
441,43,2
991,73,1
241,74,5
861,81,2
154,12,1
786,70,4
96,19,3
726,41,3
294,53,5
209,29,2
343,70,2
88,59,3
818,89,1
776,64,2
937,24,4
390,89,4
325,16,2
940,52,2
889,80,3
832,6,5
157,37,3
668,85,5
651,4,4
633,98,5
577,92,3
619,38,2
659,41,5
137,92,3
923,81,4
674,14,5
428,71,4
452,86,4
612,51,1
850,65,5
911,93,3
819,52,5
141,95,5
83,30,4
177,57,4
198,79,4
624,82,4
568,99,3
972,30,2
691,98,1
421,42,4
401,11,4
698,27,1
471,24,4
218,99,2
925,39,5
929,72,1
828,18,3
987,77,1
729,45,2
632,88,3
951,87,5
906,12,4
175,49,1
23,94,3
725,31,1
917,92,5
235,22,1
13,44,3
101,92,2
929,64,3
536,77,1
876,25,5
523,51,4
785,7,4
452,6,5
431,24,1
793,19,5
606,83,1
713,100,3
533,9,2
852,36,1
979,40,4
723,93,4
652,24,2
293,48,1
810,63,2
913,69,3
101,53,2
502,54,3
304,42,4
871,45,3
540,90,1
553,14,1
355,29,1
303,6,1
496,7,5
658,37,3
768,53,1
974,18,2
227,87,2
236,38,5
873,59,3
892,1,3
455,68,3
13,44,5
210,47,3
741,35,3
397,87,1
100,91,3
31,60,1
898,90,1
528,52,3
649,8,2
329,80,4
166,41,2
459,3,3
822,96,3
952,69,2
982,84,3
993,14,1
100,96,5
621,26,3
855,70,3
173,58,2
749,100,1
162,40,2
905,51,2
728,5,3
776,77,1
263,32,3
804,80,3
274,1,3
3,77,3
28,54,5
326,11,4
940,53,1
149,8,5
540,25,4
488,40,4
822,32,4
438,88,5
65,28,1
356,78,2
533,3,4
252,100,2
235,91,2
227,84,3
525,79,2
313,62,3
49,27,1
118,45,1
54,92,3
650,25,1
565,61,4
44,44,1
815,97,3
53,46,4
586,14,2
558,8,2
525,48,2
677,14,3
102,65,2
792,80,1
770,82,2
982,7,5
849,79,5
868,88,2
398,49,2
138,55,5
675,13,2
921,73,4
387,56,5
111,56,3
614,15,5
17,57,1
780,58,4
182,35,3
884,88,2
536,97,1
541,16,1
171,8,4
409,93,3
740,87,1
378,45,3
188,95,3
858,40,1
230,54,3
833,14,4
852,59,1
119,94,4
156,53,4
784,27,3
687,47,3
465,80,1
104,6,2
604,55,1
698,97,4
972,44,3
795,18,4
502,16,5
693,12,5
682,20,4
699,45,2
175,64,2
734,59,1
745,93,1
674,94,1
421,90,3
134,22,2
391,97,4
992,47,5
736,29,2
501,86,2
665,45,2
33,77,1
55,9,3
954,24,4
519,15,1
756,36,3
825,13,2
638,91,3
12,44,1
528,71,2
720,72,1
555,78,4
373,76,2
484,36,3
973,61,1
647,81,5
228,40,3
623,93,3
307,27,2
457,1,3
160,34,1
331,68,5
776,88,4
225,21,5
983,33,1
729,7,2
504,65,1
456,3,3
45,51,2
214,79,4
59,95,4
644,54,1
616,80,3
195,74,4
925,93,5
489,59,2
157,6,5
610,29,4
226,17,4
412,60,1
205,22,1
79,24,2
124,81,1
471,85,3
940,51,2
218,50,3
516,11,1
602,56,2
104,71,4
393,42,5
631,39,4
645,69,3
824,48,4
608,57,4
980,21,5
434,82,5
331,99,4
143,20,5
800,15,4
540,69,2
278,77,4
233,51,1
529,76,5
571,62,5
90,85,3
492,37,3
199,6,1
362,71,5
441,26,5
26,8,3
25,73,3
394,91,4
507,4,5
301,21,5
339,31,4
267,21,5
461,25,1
693,15,3
456,35,3
360,49,3
68,43,2
863,41,1
412,37,1
971,57,4
491,42,2
833,47,5
49,92,1
687,61,2
564,14,2
102,68,1
216,53,4
438,84,2
700,34,3
569,76,2
559,97,5
159,24,1
489,20,5
686,69,4
242,30,3
794,88,1
753,7,2
882,36,3
5,38,2
596,80,4
820,52,1
361,15,4
459,46,4
248,23,4
566,12,4
673,93,2
946,44,5
422,15,2
923,93,3
738,49,4
15,21,3
736,15,2
573,14,4
122,42,2
277,80,4
558,15,2
453,63,1
390,68,5
294,27,5
574,87,4
598,93,1
446,53,3
210,52,1
590,63,4
714,73,1
302,53,3
909,57,4
223,52,5
734,43,1
3,7,5
990,42,5
518,4,2
93,69,3
520,5,1
428,75,5
493,92,5
235,80,3
620,41,5
161,94,5
721,4,5
752,2,5
331,67,2
333,21,2
50,70,4
523,43,1
863,82,3
668,69,4
492,9,2
582,84,2
681,28,2
272,26,4
580,82,2
867,83,4
252,3,2
560,73,5
696,100,5
832,95,1
699,49,2
90,17,1
446,63,4
332,55,1
139,23,2
357,34,4
601,69,4
274,15,5
19,47,4
983,3,4
311,83,1
870,28,4
886,3,3
978,4,5
154,88,5
390,31,4
260,45,1
620,59,5
883,45,5
797,75,3
571,37,4
125,65,5
354,9,5
273,17,5
619,65,5
811,3,1
245,26,2
848,53,3
450,31,1
930,26,3
247,23,5
520,30,3
141,10,4
362,72,4
8,89,2
478,64,2
352,22,3
996,15,1
495,56,1
606,74,5
833,20,1
427,47,2
39,87,1
593,53,5
187,53,4
596,1,1
600,2,1
754,58,2
854,19,3
93,62,4
86,78,3
44,72,5
137,12,5
421,26,3
74,27,2
548,29,2
613,15,2
988,46,4
512,1,5
156,60,5
938,92,5
255,57,4
171,3,5
981,18,3
728,52,1
170,60,4
764,34,1
872,96,3
322,93,2
567,89,2
456,60,2
944,26,4
603,72,2
790,19,4
613,22,4
155,93,1
889,33,2
349,38,5
451,35,2
876,67,2
653,83,2
173,10,5
10,91,5
740,15,4
265,11,5
438,90,4
760,24,1
247,77,4
667,96,2
546,4,3
499,13,3
129,73,2
672,57,4
601,98,2
605,37,5
327,48,4
753,71,2
835,1,5
980,60,5
404,12,4
629,21,1
606,11,1
675,44,5
611,58,1
625,44,5
359,78,1
603,98,5
858,34,5
718,25,5
17,4,5
274,64,3
685,90,1
116,16,5
861,10,2
980,66,4
693,35,2
91,83,2
82,6,3
324,19,1
961,59,3
114,53,1
769,8,5
58,78,3
154,10,4
877,67,1
404,38,3
628,29,4
855,15,2
266,87,5
315,23,5
715,82,2
41,46,3
105,83,2
901,28,4
890,26,1
193,10,3
401,47,1
278,4,2
354,55,5
749,66,1
937,67,1
733,7,5
580,55,1
709,80,1
256,31,5
651,74,5
824,19,2
947,28,2
661,81,1
99,28,3
588,19,2
282,87,2
883,20,3
403,13,3
109,77,5
700,43,2
199,11,4
303,48,4
327,15,1
154,17,2
552,54,4
645,50,2
405,28,2
462,83,4
132,4,2
791,22,3
874,86,1
84,39,5
399,34,4
754,97,5
628,44,1
109,42,3
221,40,3
904,97,3
553,12,3
368,2,4
147,28,4
112,74,2
615,86,2
558,81,1
924,90,2
494,67,1
505,71,1
475,72,1
836,84,3
890,76,5
271,99,5
995,81,4
421,92,1
897,10,3
707,86,2
367,57,2
280,97,4
283,86,4
40,37,1
959,77,1
189,91,2
164,64,2
994,79,2
989,86,2
536,94,5
536,40,1
4,98,1
835,60,2
290,98,3
953,48,2
433,99,4
471,19,3
181,72,4
248,33,3
628,44,4
279,92,2
877,37,2
581,89,3
863,36,4
254,81,5
181,88,3
830,21,3
681,2,1
825,31,3
509,97,5
761,30,2
700,76,4
566,44,1
326,12,4
357,51,2
825,49,3
650,24,5
680,24,1
391,60,5
615,11,5
934,13,5
85,91,5
317,72,2
212,74,5
515,72,5
384,64,2
691,20,4
342,72,2
815,73,3
964,71,2
988,78,4
844,28,3
38,2,3
511,43,1
420,8,5
751,13,3
169,85,3
965,92,4
909,35,3
343,23,4
826,46,5
306,15,1
542,2,1
702,61,5
869,76,5
537,64,2
112,52,3
411,36,3
947,67,3
206,69,4
185,67,2
382,47,3
496,83,4
379,2,4
47,44,1
886,64,4
740,81,5
551,78,4
528,28,5
504,91,5
22,54,1
213,74,1
310,67,4
661,36,1
968,63,1
753,25,3
272,86,4
571,48,4
799,39,4
938,47,1
202,94,1
32,21,5
443,30,2
162,92,2
767,31,2
254,26,3
521,22,1
977,21,5
651,1,5
480,37,2
10,77,3
726,85,3
505,46,2
785,9,2
836,17,1
560,47,3
436,85,5
111,95,2
153,59,1
635,54,5
917,86,3
869,12,2
102,64,2
753,6,1
833,53,1
191,16,3
729,90,2
563,5,1
804,73,2
81,46,3
489,14,2
895,44,5
88,63,2
194,94,4
104,52,4
783,26,3
96,53,3
423,29,3
891,19,5
198,47,5
1,8,2
407,23,1
378,35,4
167,95,4
509,53,4
638,99,2
313,96,2
593,58,3
418,5,1
763,16,3
681,17,2
477,32,5
73,96,3
141,52,2
582,20,2
262,66,5
340,84,5
308,82,5
245,1,1
515,58,2
337,93,5
575,93,1
561,83,4
76,44,4
880,6,4
175,50,2
109,72,1
183,88,1
192,20,4
65,14,3
849,5,4
963,41,2
474,40,4
783,34,4
100,80,1
544,45,4
864,71,5
128,80,5
452,71,3
914,27,2
369,78,2
851,78,1
43,44,2
884,33,3
419,33,5
488,44,1
78,20,5
826,36,3
801,7,1
270,32,4
674,67,2
701,39,3
759,93,1
900,24,5
728,86,1
315,70,4
925,88,3
851,87,1
902,54,3
889,38,3
993,74,5
945,80,2
168,75,4
339,32,1
193,45,2
453,61,5
283,70,2
336,88,3
390,97,3
1000,53,4
525,51,1
240,76,1
832,56,5
958,27,4
483,38,1
659,62,3
716,18,4
592,64,2
891,77,4
555,30,4
458,49,1
89,41,5
660,13,5
95,34,1
452,100,1
428,94,1
151,25,5
514,66,1
376,100,2
22,18,2
883,5,3
313,19,2
997,42,4
840,18,3
519,32,2
206,21,4
952,10,2
375,37,4
451,49,1
626,86,4
784,13,1
595,55,4
179,17,4
210,9,2
500,88,4
464,44,2
840,78,4
124,46,5
993,8,3
113,37,2
12,19,2
126,63,1
565,92,5
331,46,1
901,94,5
283,71,5
140,26,4
401,46,1
902,46,3
97,75,5
517,14,5
569,85,2
924,63,4
846,72,3
69,3,5
118,28,2
888,29,1
59,87,5
33,18,2
318,35,1
50,77,4
880,76,1
489,47,5
19,5,3
726,75,1
197,59,3
891,75,3
450,59,1
990,47,4
559,95,1
679,95,2
452,13,3
289,78,5
141,89,3
84,33,5
694,97,2
391,62,2
591,79,2
215,16,1
526,44,3
215,58,5
403,6,2
128,89,2
822,15,5
477,4,3
760,56,3
404,64,5
29,68,4
792,94,3
338,34,5
831,91,5
714,95,2
361,56,5
569,32,1
392,9,2
218,63,2
574,72,3
669,78,4
202,33,3
17,87,1
322,21,2
518,55,2
570,76,5
325,57,4
412,2,4
318,13,5
681,4,1
965,84,4
82,50,2
474,48,1
468,78,3
425,30,3
945,29,1
731,8,2
689,12,3
204,41,2
583,26,5
387,50,4
778,2,1
98,55,4
345,56,5
803,14,3
208,6,2
514,95,2
636,81,5
792,89,1
586,61,4
166,96,3
22,12,1
154,13,5
939,19,5
439,44,2
295,89,3
219,95,1
669,59,2
495,37,3
230,25,4
20,16,4
987,38,2
553,43,1
950,87,3
148,14,4
108,6,4
403,89,1
596,23,2
483,60,5
367,12,3
834,13,4
414,100,5
309,98,1
802,6,2
918,63,3
835,38,1
134,50,2
719,52,1
283,40,4
778,8,4
73,61,5
481,8,1
352,97,4
560,34,2
326,79,5
745,100,3
443,60,1
100,57,4
59,99,2
508,46,1
258,22,2
413,87,5
452,40,4
65,45,4
595,55,5
154,51,2
985,86,1
266,5,2
821,95,1
79,13,5
315,28,3
662,84,1
947,97,4
560,80,4
917,62,4
891,93,2
248,87,2
790,24,2
868,98,4
610,7,1
414,38,4
25,37,1
284,68,2
449,98,3
881,42,2
301,86,5
68,5,1
7,64,3
817,50,2
137,87,3
164,15,4
83,95,1
897,73,5
650,53,4
420,25,3
73,89,2
237,85,1
46,9,5
618,38,2
928,22,5
800,87,1
262,49,3
176,68,5
166,93,1
657,15,5
842,65,2
370,54,5
795,30,2
54,93,2
690,20,1
419,33,4
756,100,5
507,86,3
341,77,2
127,7,4
409,8,2
924,28,4
367,45,4
271,73,3
644,89,4
605,80,3
379,74,1
73,11,2
923,31,3
922,12,2
915,95,5
248,78,1
860,51,5
785,44,5
43,96,4
377,50,4
41,17,5
170,35,4
946,1,2
212,29,4
493,51,5
680,64,4
39,4,4
369,87,3
757,28,3
151,16,5
111,63,2
480,76,1
436,53,1
47,85,5
575,17,2
737,40,2
366,13,2
69,52,3
299,58,5
944,96,1
802,37,2
296,79,5
203,76,1
61,61,3
946,79,4
963,34,1
830,70,1
314,17,1
161,20,4
331,73,2
528,59,4
338,69,1
606,87,3
304,33,1
503,78,3
650,17,5
338,57,3
550,83,1
639,97,4
275,1,1
164,13,1
443,27,5
319,70,2
589,59,1
504,6,5
686,97,4
387,94,5
970,99,5
870,23,3
833,10,2
888,51,2
603,19,4
750,51,5
776,92,4
691,87,4
494,68,2
490,84,2
721,83,2
73,42,1
509,91,5
390,57,4
619,98,5
857,68,4
295,38,4
369,62,4
956,7,4
796,71,3
865,50,3
694,52,1
549,26,2
649,26,4
850,19,5
568,9,3
187,61,2
853,20,1
770,50,2
445,80,4
570,81,2
363,22,4
123,13,3
188,12,3
742,10,4
680,65,5
420,96,3
626,30,5
252,8,4
619,21,4
549,22,3
335,18,5
92,66,4
530,48,3
866,44,4
63,9,2
662,67,2
512,54,3
139,26,4
698,85,3
185,94,1
205,92,3
772,100,3
214,26,2
256,34,2
135,8,4
573,10,3
875,48,3
822,55,4
88,54,5
836,78,4
988,40,2
207,15,2
129,81,3
823,18,2
3,96,4
974,23,3
934,62,4
754,46,4
121,87,3
385,99,5
614,39,2
38,15,1
341,53,1
925,88,1
645,64,2
714,63,5
860,92,4
21,80,3
242,16,5
455,70,1
963,66,2
621,13,2
303,47,3
596,9,4
595,63,5
803,34,5
964,81,5
69,91,4
129,29,4
196,37,4
140,43,3
444,86,2
283,64,1
312,24,4
746,71,2
535,34,4
665,48,1
277,12,4
61,23,2
319,79,3
890,97,1
52,13,2
856,87,5
153,96,5
749,45,5
311,99,3
814,65,4
544,47,4
567,58,4
864,5,3
389,77,5
548,5,4
622,60,3
177,96,3
362,21,2
314,24,4
807,18,5
848,21,1
97,54,3
881,10,2
213,24,1
829,85,3
137,89,2
6,60,4
109,57,2
547,23,3
39,22,4
662,68,5
425,34,2
630,70,1
261,28,4
426,95,4
87,99,5
465,39,2
76,42,1
471,23,5
976,70,2
963,80,1
414,2,1
825,24,3
895,17,1
726,65,2
457,70,5
285,69,5
239,60,3
677,50,2
599,93,1
653,12,3
672,47,4
558,67,2
372,65,3
495,27,5
624,48,3
919,88,4
45,62,2
401,44,3
247,19,1
616,59,2
597,8,3
450,55,3
485,47,2
646,2,5
620,94,1
18,94,2
606,39,1
662,45,1
758,32,2
289,65,3
414,38,5
721,77,1
638,11,1
235,10,3
416,59,2
938,90,5
499,55,1
974,20,1
634,81,2
650,17,3
115,68,4
932,5,3
674,60,1
713,23,1
234,46,5
540,52,3
11,10,4
206,46,5
679,28,4
247,97,5
559,43,3
758,26,1
127,55,4
147,48,3
118,29,4
911,27,3
382,18,5
412,60,3
664,74,5
584,69,1
363,74,5
509,21,2
137,24,1
175,3,3
289,95,3
958,62,2
481,2,3
19,66,1
195,42,1
330,34,5
936,42,4
175,20,3
449,97,2
925,68,1
946,45,1
354,75,1
499,42,4
141,47,4
758,5,3
897,89,2
930,49,4
93,37,5
944,34,4
239,73,1
205,70,2
560,18,3
433,78,4
245,19,1
832,78,5
317,40,5
925,17,3
295,60,3
640,99,4
856,93,3
282,42,1
17,81,1
71,72,1
269,65,4
325,53,4
794,100,3
305,7,4
451,5,1
7,24,2
314,28,1
817,62,2
103,17,3
821,20,5
193,3,4
753,37,4
574,90,1
529,15,1
171,51,2
537,48,4
251,8,3
765,13,1
387,48,4
207,3,5
541,65,2
629,73,1
416,31,1
794,26,3
380,81,1
144,56,4
25,34,4
822,9,4
668,62,5
73,13,5
632,69,1
824,41,5
833,77,5
93,1,3
505,89,5
598,47,2
336,4,2
425,100,2
499,63,1
364,52,4
947,10,3
630,28,1
745,6,4
199,27,3
718,12,3
413,62,3
339,52,2
659,48,2
962,67,2
937,46,3
429,97,3
783,74,2
899,95,3
139,15,2
693,71,2
942,36,2
542,14,4
57,78,3
232,3,1
658,67,2
435,86,1
384,19,4
560,99,3
194,76,2
736,54,2
648,69,2
534,10,1
518,33,4
716,13,3
751,99,4
185,51,2
872,32,4
292,75,1
335,24,5
732,35,5
116,83,3
825,70,3
49,40,4
685,54,3
82,44,1
834,62,2
333,99,2
557,68,4
335,33,2
532,77,4
960,56,3
221,36,3
635,54,1
746,19,2
733,43,1
323,12,5
851,11,1
3,70,4
694,12,4
206,91,1
832,41,3
40,25,5
59,3,1
951,3,3
574,84,1
644,28,2
507,23,4
572,48,2
884,67,2
843,42,5
122,88,3
479,40,4
619,6,2
96,20,4
859,11,3
414,96,1
235,27,2
898,21,3
62,13,4
256,86,3
561,35,1
905,47,3
348,86,4
671,28,2
124,21,2
482,18,5
317,31,4
504,60,5
719,37,5
48,21,1
409,14,4
932,89,2
136,91,4
201,60,1
250,23,4
314,95,4
869,29,5
368,47,4
429,30,5
830,90,5
807,84,3
480,38,1
314,83,5
500,27,4
721,89,5
355,87,5
485,93,5
211,15,2
704,59,2
44,3,2
541,10,2
571,79,3
583,80,5
92,17,3
265,83,4
895,11,1
220,48,3
902,5,2
925,69,2
442,64,4
401,14,5
400,50,1
727,26,3
991,72,5
899,69,5
789,7,3
576,16,3
858,55,3
804,78,3
490,56,2
485,4,5
757,100,5
470,48,2
574,17,5
938,36,3
844,70,1
682,80,5
445,93,1
269,100,1
267,38,2
54,62,4
528,48,5
520,10,2
616,36,2
59,29,1
825,78,5
40,4,2
237,44,3
955,56,2
386,42,3
606,100,4
734,13,3
716,46,3
650,82,1
300,33,2
395,21,4
207,80,2
336,79,3
593,57,3
730,69,2
514,70,4
178,67,4
396,48,1
371,76,3
858,100,3
791,33,1
658,36,2
318,33,3
736,31,2
369,21,4
384,27,5
62,91,1
806,72,3
505,62,1
239,96,4
195,26,4
678,66,4
963,12,4
222,22,5
61,17,2
129,7,2
990,68,5
685,37,2
992,38,4
156,96,2
917,11,1
378,1,2
622,25,1
781,42,3
923,52,1
868,24,1
903,53,4
790,56,4
586,63,4
999,81,1
437,8,5
975,59,4
207,45,4
388,27,1
480,52,3
791,18,3
887,91,2
838,86,3
984,16,4
340,66,5
869,5,2
340,82,5
204,3,5
161,91,4
540,81,1
392,80,1
769,70,1
677,7,3
575,50,1
534,14,4
70,38,3
893,79,1
405,47,5
608,33,4
675,43,4
591,91,2
517,29,4
828,57,5
120,5,4
814,93,2
690,96,4
688,60,4
902,70,2
217,2,4
56,70,3
366,43,4
699,4,1
504,56,1
744,93,3
767,59,4
925,89,5
455,9,4
104,3,1
77,90,2
230,48,3
914,43,2
258,91,5
264,100,4
331,96,5
993,1,2
182,57,4
893,53,5
768,16,1
550,51,1
688,75,3
27,90,1
276,55,1
652,1,2
299,90,1
957,28,1
799,53,2
91,58,1
480,73,1
573,60,3
458,59,1
451,22,1
365,8,3
859,49,2
675,42,1
351,27,5
655,39,2
400,83,2
253,25,1
781,38,3
881,85,2
803,24,3
459,24,5
699,60,3
917,83,4
499,50,3
950,66,2
971,14,3
926,53,3
508,32,4
304,96,4
501,92,1
803,48,2
598,39,1
166,40,4
415,42,3
462,77,4
920,76,5
114,8,3
433,79,1
992,26,3
356,12,5
928,43,4
695,51,2
207,91,2
768,82,2
235,100,4
442,63,2
355,49,5
515,27,4
208,9,2
709,39,1
853,65,4
125,71,4
138,90,3
339,71,2
537,7,1
68,72,5
573,80,4
541,67,5
383,10,5
19,71,5
683,85,3
450,53,5
74,95,2
573,87,2
939,57,1
665,91,1
276,86,5
48,27,5
211,54,3
855,4,5
920,88,5
651,23,5
622,48,4
994,83,4
695,42,3
540,3,3
709,91,2
191,3,3
315,28,2
901,63,5
563,81,3
661,31,3
780,10,3
562,49,2
900,86,2
758,94,1
113,21,2
170,100,2
468,53,4
678,87,3
921,76,2
14,89,3
715,54,3
288,57,4
907,20,3
189,49,2
914,7,3
155,29,1
567,48,1
694,93,4
722,13,2
888,3,4
471,2,1
75,16,2
277,94,3
940,6,2
645,45,5
343,71,2
425,5,3
571,56,5
511,71,4
857,98,2
182,32,4
458,49,2
918,13,1
851,30,1
833,25,3
64,85,1
839,60,5
260,59,5
193,85,2
655,28,4
616,58,5
972,20,2
406,34,4
726,5,1
754,82,2
943,60,4
721,43,3
93,57,3
430,57,5
654,75,4
434,54,3
404,81,5
434,45,2
112,86,2
929,37,4
375,84,4
59,48,4
43,54,4
207,48,3
780,6,3
296,34,5
118,63,3
532,78,2
222,48,5
166,23,3
643,84,4
156,13,3
184,47,1
90,44,5
94,32,3
13,26,3
973,53,2
834,14,4
805,52,4
945,36,2
742,8,2
834,40,1
804,86,5
438,22,4
538,16,2
587,91,2
968,60,5
876,60,2
936,10,1
811,25,5
150,31,1
660,21,3
8,91,4
29,81,2
296,33,5
986,31,1
926,90,4
721,21,4
640,36,2
340,65,4
628,4,2
439,68,3
144,90,2
942,4,1
830,9,4
747,30,4
519,45,4
976,4,2
45,69,5
955,23,2
239,16,1
952,22,2
944,72,4
155,48,3
181,62,1
215,97,3
88,60,1
256,80,1
511,5,4
73,80,2
931,7,4
179,51,4
212,65,4
805,9,3
234,82,1
465,45,5
751,47,2
223,67,4
631,24,1
825,92,2
264,10,5
207,73,5
607,77,4
885,48,5
734,35,5
366,54,2
276,87,2
380,81,4
743,71,1
309,16,4
631,53,3
268,40,5
945,100,1
785,20,2
64,88,3
810,69,3
350,45,5
925,6,2
915,92,1
494,69,2
523,49,5
98,39,3
946,2,5
71,39,4
364,21,3
570,40,5
802,82,1
763,54,1
276,12,1
50,81,4
358,37,2
728,38,1
906,15,4
928,7,1
564,78,4
783,50,1
485,65,2
84,67,5
899,44,1
805,31,5
638,43,1
808,77,2
584,48,5
296,82,4
236,81,1
56,81,1
919,61,4
360,75,2
907,84,3
110,10,1
192,29,4
904,48,3
93,98,1
862,81,5
568,62,4
60,13,5
650,44,2
39,47,3
540,64,4
49,91,1
420,53,1
637,90,3
13,92,5
992,77,5
36,76,4
101,44,4
794,28,5
86,2,4
516,57,5
223,57,3
338,34,4
960,87,5
166,58,4
383,52,1
856,29,1
895,35,2
376,75,5
471,48,2
790,33,5
642,75,4
31,73,5
375,78,1
11,9,4
988,48,1
302,67,4
96,93,5
190,83,5
453,36,1
192,96,3
486,71,5
266,92,3
424,44,4
128,82,3
238,60,1
920,63,2
355,5,2
940,87,1
112,86,2
828,90,1
446,76,5
343,40,3
145,19,2
65,47,5
247,65,2
735,67,4
991,91,1
490,18,1
825,50,5
439,30,4
106,66,3
181,5,4
184,93,4
226,97,3
777,42,3
790,84,4
909,94,2
89,5,2
688,50,4
530,85,2
371,58,3
972,79,3
936,84,2
913,8,3
399,31,1
106,12,3
271,21,4
975,94,5
831,62,2
503,91,2
679,90,3
525,33,3
849,26,5
32,90,5
393,100,4
40,40,1
660,65,4
218,59,2
731,15,3
981,1,4
82,11,3
845,55,3
720,2,4
201,65,4
447,95,5
844,44,1
428,16,5
38,22,1
211,18,4
444,47,1
327,81,2
761,30,5
227,10,5
48,99,5
18,58,3
912,62,3
439,85,4
807,80,4
708,6,3
187,67,5
345,41,3
224,43,1
830,85,5
488,77,3
909,18,4
877,58,3
849,60,2
229,88,3
390,27,5
979,68,3
589,22,4
188,24,1
858,40,2
270,74,5
607,66,4
310,40,2
132,6,3
551,18,2
72,81,1
793,87,2
845,30,2
672,21,3
187,62,3
486,10,5
191,13,3
422,76,2
120,9,1
220,68,3
53,39,5
734,24,5
451,34,2
412,61,3
643,41,3
237,5,5
758,79,3
738,50,2
720,4,1
406,51,2
608,52,3
422,39,2
712,8,4
247,45,4
72,88,3
830,28,3
185,27,1
6,65,2
206,34,1
544,81,3
611,62,3
906,62,5
387,38,1
768,26,3
699,24,4
76,39,5
177,21,2
827,94,5
799,47,2
349,48,4
255,13,2
837,3,1
702,32,2
308,35,2
345,19,5
127,14,4
937,48,2
287,86,1
766,81,5
725,68,4
762,45,4
596,19,3
487,64,1
383,66,5
406,79,5
388,66,1
525,75,4
557,45,2
639,87,1
938,74,5
626,67,1
945,69,4
276,3,3
500,38,3
717,77,2
337,42,2
950,83,4
932,40,2
481,50,3
897,35,4
911,24,4
973,88,4
273,17,1
920,40,2
58,74,5
328,66,3
731,44,2
109,23,3
279,6,2
686,66,5
328,21,3
776,35,5
315,29,3
474,7,1
111,93,1
699,53,3
781,37,3
935,23,5
229,97,4
497,8,3
156,76,2
473,48,2
701,10,2
272,79,1
887,24,5
2,90,1
758,47,2
722,53,3
511,39,2
913,67,3
286,66,5
871,6,4
13,21,3
608,73,1
498,74,2
733,36,2
238,3,2
94,88,3
338,86,5
781,78,3
171,42,1
981,45,2
606,44,3
661,91,2
624,33,1
567,60,4
849,86,4
936,93,4
467,83,2
628,83,3
143,70,2
201,83,5
180,77,3
714,26,1
364,86,4
479,21,3
565,100,3
471,2,4
384,47,1
692,30,2
926,27,2
417,71,3
825,20,4
308,50,5
649,95,1
694,23,2
367,13,1
1,81,1
44,4,1
739,14,4
843,20,4
98,13,4
720,3,3
265,90,4
800,90,3
783,82,2
140,96,2
481,78,2
237,47,2
974,3,2
953,1,4
904,90,5
72,24,4
667,35,5
190,14,4
268,67,2
321,13,1
107,47,5
232,50,1
42,78,2
702,85,5
883,26,1
139,3,4
615,51,2
683,40,4
863,68,4
273,36,2
481,51,5
416,1,3
506,33,3
733,7,2
725,52,3
853,11,1
424,27,5
407,14,4
568,86,4
390,80,2
342,46,4
946,76,1
614,10,1
933,24,2
493,61,4
192,18,3
499,86,3
822,9,5
712,17,2
233,58,5
945,13,3
227,50,3
371,6,3
139,85,5
856,51,2
817,36,1
149,71,1
115,100,3
450,25,2
63,11,2
104,44,4
851,14,4
871,29,5
668,74,4
273,50,5
6,5,1
147,72,3
184,69,2
998,88,1
28,57,1
962,26,5
550,6,3
119,16,5
293,60,1
371,100,2
244,12,4
580,75,5
726,3,1
218,63,4
177,64,4
299,62,1
676,6,3
58,19,1
269,18,2
308,80,4
570,87,2
288,43,5
977,73,4
105,3,3
228,72,1
247,38,5
700,68,2
494,76,5
83,44,3
186,95,1
252,89,5
355,80,2
750,63,5
872,42,1
696,64,5
796,54,2
897,78,1
938,77,3
210,71,3
816,76,4
808,37,5
609,4,2
447,2,5
460,99,1
968,44,4
472,67,2
720,68,5
370,76,2
900,83,1
934,74,4
492,62,2
923,1,1
137,17,3
367,16,2
912,9,4
184,53,2
588,73,2
287,59,1
472,9,5
375,12,5
654,41,2
749,15,4
537,66,4
511,75,1
802,11,2
579,8,2
250,55,5
920,96,1
510,6,3
630,53,4
73,20,4
282,39,2
916,99,1
960,72,3
360,34,4
10,57,1
211,19,3
835,71,2
152,31,5
5,82,4
195,40,4
954,14,3
283,100,5
464,81,1
113,37,2
271,44,1
163,9,3
460,58,4
105,20,4
693,92,1
556,50,2
282,20,3
687,36,2
162,27,3
983,72,2
351,32,1
434,1,5
852,17,3
140,9,1
471,84,4
132,45,4
87,96,2
688,66,4
183,32,5
368,45,3
129,9,2
246,30,3
601,84,3
578,38,1
670,60,4
899,1,3
378,5,5
149,63,5
985,99,4
852,36,4
433,65,2
628,78,2
726,73,2
469,94,4
446,24,3
481,4,1
884,78,2
294,89,1
765,68,5
143,25,4
250,74,5
878,99,2
948,7,3
975,13,2
302,68,1
25,43,2
789,57,3
984,36,3
889,14,4
890,82,4
901,72,3
70,96,3
625,27,1
875,37,2
112,87,4
364,71,1
303,76,2
471,25,4
964,67,1
91,90,5
530,4,5
661,100,4
988,79,1
739,96,2
726,93,2
872,74,1
663,85,5
192,16,1
963,19,5
552,29,5
242,51,2
138,18,4
345,58,3
180,44,1
712,16,5
503,65,1
203,2,4
573,56,4
192,79,3
5,28,3
890,65,5
237,5,3
693,22,5
311,100,2
549,13,5
56,65,3
443,16,1
237,86,3
870,64,4
861,32,3
197,80,2
585,51,5
571,79,4
752,58,5
514,46,5
449,52,3
360,63,1
700,76,4
819,60,2
30,65,2
779,81,1
988,55,1
108,57,3
844,92,2
935,71,4
602,73,1
717,86,1
891,26,1
968,12,4
959,71,2
960,46,4
445,47,4
893,79,3
438,38,1
732,21,2
890,14,3
606,2,3
457,72,5
615,70,1
735,33,2
698,6,2
981,90,2
696,37,1
495,14,2
674,37,4
247,8,4
543,77,1
564,13,2
857,40,5
588,92,5
897,58,5
439,18,4
278,57,5
552,83,2
613,38,2
111,32,5
385,86,3
833,66,5
761,77,3
191,87,1
490,25,1
694,92,2
426,58,4
405,75,2
335,33,2
209,88,4
22,66,2
678,30,4
611,81,2
208,34,1
8,86,3
702,69,2
687,48,3
785,40,5
529,51,2
602,80,1
653,13,4
657,90,1
166,31,3
849,39,4
496,63,1
590,48,1
429,87,1
774,48,4
163,61,1
366,12,1
526,78,3
239,56,1
72,18,1
445,27,5
655,28,4
822,82,5
509,80,3
795,52,5
269,16,2
753,77,4
415,58,1
245,93,5
675,9,5
60,26,1
6,28,1
709,77,3
982,36,5
570,9,5
817,47,2
407,78,2
217,51,5
930,76,2
26,57,5
815,32,4
5,67,3
986,57,2
532,54,5
390,16,2
710,62,3
571,84,4
448,96,1
754,56,1
146,23,2
388,17,5
785,80,3
249,38,4
526,72,4
462,83,4
13,30,1
903,58,3
384,98,1
556,78,2
887,22,4
399,17,3
19,15,4
575,48,1
491,32,1
751,77,1
419,85,4
337,40,3
419,97,3
915,57,2
916,58,4
612,91,2
675,99,2
928,16,2
122,28,2
432,98,1
44,1,2
872,41,3
920,48,2
317,31,1
381,36,5
145,33,5
327,33,5
363,82,4
50,23,3
65,60,1
355,87,5
800,79,1
164,90,1
141,30,4
966,89,5
826,45,2
128,80,1
398,39,5
933,45,1
880,78,4
463,81,4
751,12,2
836,93,4
808,32,5
187,56,4
720,24,2
732,13,3
912,20,1
190,79,1
388,56,5
429,53,2
858,68,2
284,54,2
864,34,1
237,28,4
194,50,1
287,2,1
771,94,1
758,26,4
136,51,3
792,47,5
783,26,3
171,84,3
159,92,1
201,84,3
487,75,1
557,74,1
962,61,5
776,23,2
583,37,1
504,41,3
876,52,5
371,83,3
103,82,2
125,49,4
313,27,2
976,6,5
995,74,2
798,66,2
458,24,5
230,38,5
658,28,3
882,28,1
197,66,4
885,61,4
733,46,4
423,69,2
572,75,5
610,74,5
171,43,5
382,59,1
173,2,5
663,15,5
453,37,2
350,71,3
902,20,4
952,98,2
634,35,2
494,34,2
620,86,4
4,31,2
93,87,3
919,19,5
6,68,3
288,24,5
618,84,5
146,39,2
783,92,2
424,54,4
890,39,1
608,17,3
457,19,4
741,48,4
202,35,3
212,32,3
6,47,5
624,47,1
376,64,2
891,46,1
447,35,1
835,94,2
106,17,1
651,42,4
811,29,4
401,70,2
96,17,2
388,81,3
959,14,3
452,24,1
849,57,1
809,50,2
979,57,1
901,61,5
416,39,4
726,55,1
504,96,1
454,36,3
291,37,5
534,14,1
193,27,4
980,83,1
150,31,2
880,73,5
759,81,1
779,83,5
973,44,1
763,68,4
515,48,4
393,57,5
316,75,3
76,22,3
599,4,2
270,81,3
225,72,5
530,46,3
113,59,2
251,34,1
233,11,3
841,31,5
791,11,5
714,56,2
83,38,2
125,21,4
175,94,4
69,10,4
47,26,1
884,91,5
256,8,4
727,8,5
30,60,2
281,72,1
924,34,2
994,16,5
237,13,4
248,87,2
368,76,3
495,91,1
25,22,5
586,96,4
718,27,2
490,64,1
494,2,4
314,97,2
606,26,5
375,92,3
639,83,3
937,69,5
25,97,1
334,84,5
355,30,2
116,8,1
48,38,3
738,61,2
778,81,4
99,65,4
459,67,4
523,46,3
597,90,5
405,95,1
214,72,3
685,43,2
903,59,2
503,46,4
721,72,1
448,35,4
894,39,2
576,92,2
258,51,5
844,4,5
121,80,5
810,77,4
978,84,1
54,51,5
331,5,3
784,55,5
241,20,4
755,24,1
530,36,5
483,34,1
187,54,3
858,34,2
656,83,1
262,17,5
953,5,4
364,89,4
491,18,4
431,55,4
239,53,1
304,50,4
298,72,2
76,91,3
700,79,1
333,45,1
900,13,4
999,16,4
758,86,1
642,84,4
474,13,4
827,20,4
923,66,4
283,99,4
591,47,5
72,19,5
263,45,5
703,37,1
879,54,3
887,6,1
942,14,5
575,4,1
1000,86,3
892,55,4
12,100,2
141,34,5
766,27,5
555,7,3
17,3,4
63,47,4
253,97,2
465,2,4
376,80,3
804,25,4
981,60,3
520,79,5
837,24,5
90,15,5
720,95,1
804,14,5
796,54,3
630,78,2
861,6,4
175,78,5
76,81,1
613,18,1
926,20,3
663,62,2
400,81,5
782,80,5
970,40,1
71,39,3
180,52,1
124,32,1
381,73,2
293,27,3
797,52,2
195,97,3
911,63,5
228,74,4
431,63,4
942,17,3
436,49,4
787,100,1
461,81,5
618,82,5
21,23,4
64,98,3
165,72,1
27,13,3
311,23,4
285,57,5
660,62,5
281,54,3
838,20,2
831,86,3
164,52,2
898,23,3
918,35,2
224,67,2
784,34,2
146,33,2
965,46,1
950,81,2
868,45,2
30,19,5
45,94,1
787,87,2
471,15,4
34,78,1
653,66,5
427,39,3
830,18,5
886,70,5
221,59,1
868,32,1
534,21,4
692,40,4
948,92,1
367,27,1
932,2,1
841,97,3
743,80,5
915,39,4
550,86,4
582,56,2
116,13,3
239,56,1
335,66,1
441,78,3
148,56,4
9,28,1
288,64,2
388,71,4
50,82,5
850,64,3
517,56,4
916,41,5
855,100,2
638,41,3
587,100,1
677,4,1
278,57,5
954,30,4
836,88,2
989,84,5
300,46,2
802,56,2
589,31,2
810,88,3
649,7,5
618,90,3
607,77,4
135,54,4
580,8,1
147,55,1
490,69,1
478,44,4
159,13,2
384,93,2
163,20,5
441,78,4
853,32,1
189,60,4
415,50,2
339,27,2
607,25,3
181,52,3
288,68,5
834,21,4
187,18,3
884,39,3
138,15,4
130,53,2
194,38,5
316,48,5
984,52,5
785,88,3
864,72,2
144,28,5
16,85,4
302,16,5
423,16,1
245,35,2
927,17,1
107,73,2
88,99,4
129,52,3
907,93,3
887,82,2
341,12,5
4,83,1
327,48,4
410,22,5
879,49,3
306,52,5
908,79,1
607,1,3
721,66,2
225,64,4
971,8,4
348,86,3
992,25,2
321,66,1
559,73,4
988,73,3
181,77,4
618,70,2
711,94,1
386,79,2
618,51,5
792,53,2
772,15,2
108,50,4
531,71,2
410,75,3
971,38,4
296,40,4
818,66,5
171,39,3
331,74,2
493,17,5
195,7,3
12,39,5
195,68,1
490,35,2
795,51,5
881,47,1
182,36,2
962,64,5
817,95,5
656,89,5
898,13,5
316,18,4
694,21,5
30,65,4
596,100,4
678,8,1
796,48,2
793,85,4
96,43,3
381,53,4
778,85,3
444,27,1
298,19,3
808,23,1
737,50,1
845,51,1
361,43,3
374,99,3
554,51,1
303,69,1
421,41,2
246,72,1
720,11,5
237,80,2
534,88,2
185,85,2
468,52,5
754,23,2
363,49,2
283,38,3
553,47,3
336,72,1
162,7,1
160,66,4
474,94,5
601,77,3
322,62,1
12,87,5
424,29,2
73,38,5
588,84,3
858,33,4
201,29,3
522,79,1
864,23,1
505,3,5
738,93,3
688,45,1
788,8,2
39,86,2
60,29,4
578,2,5
321,50,1
435,65,4
636,20,2
676,52,4
408,85,4
923,37,1
386,72,1
671,27,1
569,47,5
78,99,4
194,6,4
285,60,5
527,45,2
524,44,3
613,83,2
156,18,5
340,65,4
125,25,4
871,27,1
280,7,1
917,44,4
906,29,4
622,95,1
846,44,1
869,36,2
658,19,4
728,6,4
910,25,5
674,31,2
128,9,3
314,84,3
332,74,3
150,37,1
454,27,3
36,13,5
685,41,1
420,66,1
22,85,3
206,97,1
639,24,2
848,44,2
957,98,3
356,60,5
440,9,1
729,2,4
96,56,3
929,30,1
941,22,3
164,75,3
148,81,5
530,100,4
294,13,1
195,71,3
663,16,3
480,97,1
877,45,3
123,65,3
400,11,3
699,70,2
965,20,2
452,99,4
661,63,5
104,90,1
755,12,5
462,62,5
743,94,2
991,92,4
718,91,5
710,42,5
396,83,3
912,69,1
337,58,4
599,5,1
142,27,2
317,28,5
711,26,5
558,91,1
800,49,2
527,21,3
556,1,3
401,92,5
681,58,5
310,79,4
495,55,1
556,81,5
610,26,2
773,84,1
109,25,4
795,77,3
372,33,4
855,89,1
616,72,3
768,69,2
891,6,3
206,23,3
847,30,2
43,78,5
865,54,5
245,87,3
287,11,3
355,31,4
785,6,5
476,11,2
83,77,3
110,12,3
950,66,4
190,53,4
983,99,4
800,36,1
936,17,2
909,28,1
251,92,3
724,22,4
291,7,4
645,15,4
201,96,5
797,11,2
326,24,1
511,67,2
409,30,4
607,70,3
790,66,5
962,61,2
941,78,3
837,41,4
508,82,4
731,51,4
601,44,4
72,95,5
247,13,5
641,90,2
724,12,4
940,82,5
855,9,3
608,85,5
587,48,5
935,49,2
566,53,5
344,56,3
971,40,4
925,24,1
54,98,2
730,72,3
528,33,2
611,23,4
532,77,5
558,54,5
963,53,3
193,49,4
895,78,1
58,78,1
437,80,5
111,49,4
129,60,4
849,90,3
706,90,1
925,65,3
852,32,2
326,79,4
8,21,1
29,18,3
112,94,5
947,60,2
673,13,3
131,24,5
188,30,1
675,2,1
709,83,2
475,25,5
364,50,4
204,14,1
212,6,4
621,76,4
276,84,3
73,87,3
679,30,1
772,30,4
243,38,3
787,58,5
102,94,5
987,41,5
685,94,5
171,57,4
653,36,5
909,64,4
188,98,1
441,16,1
86,88,5
476,78,5
52,90,5
111,72,1
949,14,3
877,31,1
854,66,5
43,68,3
211,65,3
968,55,2
200,84,4
810,78,5
858,40,4
752,25,2
627,25,4
26,3,5
919,69,2
299,26,4
77,40,1
924,38,3
137,38,2
20,68,1
440,7,5
211,94,3
752,30,2
551,19,3
435,35,2
780,33,2
207,33,4
991,78,3
439,38,3
974,10,1
779,57,5
666,28,1
42,78,4
411,100,2
523,38,4
806,16,4
610,21,1
427,92,2
275,97,5
448,6,4
902,41,5
942,15,2
884,3,2
742,43,1
369,47,3
938,99,1
220,14,5
577,66,1
867,29,2
232,4,4
328,26,3
443,12,2
52,2,4
886,17,5
943,35,5
376,10,5
263,86,1
267,43,5
359,21,5
317,15,1
324,35,4
921,85,2
908,85,3
666,85,5
870,60,5
878,44,5
652,96,1
939,5,1
563,73,1
629,18,3
421,21,2
46,72,5
821,98,4
600,74,5
720,51,5
889,41,5
269,24,5
601,24,2
381,96,4
118,97,1
566,38,4
953,44,5
116,57,4
630,59,5
260,34,4
75,75,3
480,95,4
305,82,1
7,23,1
366,86,4
634,43,4
523,82,2
348,40,4
438,47,1
215,41,3
429,47,1
791,20,2
498,77,4
540,65,3
747,68,1
367,24,3
313,100,5
538,36,1
921,45,5
54,2,3
541,28,4
467,26,4
865,23,4
164,79,5
782,36,4
334,91,2
547,6,1
798,35,1
348,38,3
273,35,5
963,100,1
720,74,5
750,94,3
414,53,4
500,38,3
93,93,2
685,59,4
79,43,4
622,4,4
217,5,3
947,68,2
358,100,5
618,45,3
507,80,1
559,25,1
181,78,3
576,11,5
246,29,1
244,34,5
506,86,4
422,14,3
320,24,4
87,59,1
217,39,5
490,26,4
519,43,1
278,36,2
849,39,4
722,61,2
169,16,2
330,59,1
650,96,3
441,6,5
391,98,1
496,56,4
381,8,5
306,94,3
742,27,1
987,71,3
820,27,4
673,89,1
513,46,4
748,41,5
949,79,5
188,25,3
930,86,3
516,18,5
913,12,2
644,87,5
427,51,1
502,39,4
730,89,5
260,10,5
513,94,4
71,74,4
478,98,1
178,77,4
457,54,3
189,29,5
291,41,4
520,9,1
765,63,4
920,77,5
979,37,2
292,14,4
946,73,3
756,72,5
635,39,1
811,40,5
283,54,2
544,3,1
846,55,2
377,33,2
658,96,3
156,71,4
508,19,3
413,34,3
528,78,3
355,50,1
559,47,4
763,46,4
187,56,1
31,57,3
260,83,3
421,51,2
529,54,2
551,90,5
304,81,2
942,28,4
986,19,1
944,27,3
39,48,5
489,19,2
644,97,5
542,51,1
670,7,1
278,29,5
203,43,5
66,69,5
108,94,3
268,58,4
222,8,2
804,42,2
530,76,2
90,42,5
693,13,5
255,26,5
455,18,3
253,42,3
257,51,3
383,84,3
442,16,1
858,3,3
599,91,3
90,79,3
749,98,2
390,45,2
582,22,2
44,23,4
712,59,1
664,62,5
598,68,3
19,54,2
101,57,1
914,23,3
607,60,4
766,73,5
357,88,3
542,85,5
761,55,3
938,80,4
33,63,1
970,56,5
229,55,5
524,25,1
630,26,5
862,49,2
155,63,1
423,45,4
905,73,3
246,79,3
405,39,1
844,97,2
759,65,4
541,69,3
161,56,3
747,9,2
702,70,5
117,28,1
271,45,2
770,26,2
692,28,2
487,40,2
885,15,5
172,6,4
950,27,2
274,38,2
259,68,1
135,75,3
683,85,5
722,64,2
748,30,4
422,82,4
421,99,4
186,3,1
929,62,4
364,12,1
955,91,5
607,30,4
378,85,3
523,38,2
580,85,5
891,60,3
722,38,5
196,15,4
881,18,5
98,52,5
605,29,5
984,60,1
22,21,3
450,17,4
172,18,2
383,57,4
134,37,4
426,60,1
25,38,1
503,12,5
185,75,4
85,84,3
567,73,1
763,1,1
144,58,3
863,3,1
910,63,3
679,21,2
412,23,3
224,9,2
220,83,5
179,55,5
631,19,1
433,62,3
265,87,1
954,91,3
429,91,1
662,39,5
416,100,5
453,76,1
727,27,3
197,46,4
554,34,3
53,33,1
480,92,3
443,95,2
330,96,3
251,50,5
807,20,5
890,40,2
783,99,3
967,95,4
925,58,3
123,31,5
879,38,5
387,86,1
339,45,5
778,41,1
348,9,5
29,9,5
975,63,4
35,79,1
518,77,1
396,22,5
623,16,1
294,32,5
589,66,5
349,90,3
147,14,1
67,38,2
904,98,1
520,8,1
122,100,4
340,21,2
175,56,2
900,46,4
691,43,4
597,92,1
451,46,3
557,48,4
136,70,2
855,84,2
16,31,1
333,33,3
195,44,5
496,71,4
9,8,4
828,73,1
334,2,3
333,17,2
327,52,2
15,45,5
839,37,2
614,42,4
226,44,5
425,81,3
790,38,5
408,99,3
113,94,2
997,6,1
428,68,5
1,51,5
266,35,4
491,58,4
208,57,3
622,73,1
712,6,4
952,13,4
369,59,2
985,86,2
306,92,4
12,30,3
345,100,1
465,2,4
700,58,3
666,36,3
494,72,4
368,45,3
846,9,5
937,65,3
420,77,4
889,50,3
791,79,4
171,32,2
134,98,4
965,43,3
427,95,4
25,78,1
530,54,4
190,47,4
141,14,1
555,48,1
846,55,1
796,29,5
658,47,4
315,63,1
444,19,1
319,91,2
441,9,5
92,37,4
179,92,3
56,52,5
155,57,5
672,88,2
111,28,4
137,36,4
232,64,1
992,18,1
468,89,5
732,35,2
481,68,4
68,78,2
814,39,3
249,90,4
994,8,1
323,88,5
922,80,2
904,84,1
518,15,5
976,7,1
792,17,4
432,86,2
487,86,3
606,64,1
429,12,2
269,82,4
709,56,1
537,46,4
148,47,3
118,79,3
850,16,5
367,69,5
850,2,5
66,92,4
970,54,5
813,27,2
370,31,4
175,41,4
831,36,5
588,47,5
495,43,4
973,65,3
114,50,3
111,93,5
761,1,3
439,72,2
715,57,2
147,16,2
35,28,4
999,86,4
309,82,4
538,22,4
750,41,4
14,76,5
374,19,3
557,89,5
428,50,3
728,59,5
233,69,2
705,34,1
563,39,4
939,74,1
887,7,1
726,52,2
663,60,1
440,52,1
502,79,2
275,24,3
850,26,5
76,90,1
439,90,4
732,10,2
860,17,1
956,78,3
699,2,3
289,77,4
915,27,1
540,73,4
891,71,3
692,48,3
253,74,5
126,9,3
177,86,2
37,23,5
410,71,4
611,73,3
610,27,2
127,88,5
483,93,2
168,81,5
592,84,5
294,71,5
845,43,4
638,7,5
343,92,5
310,83,2
662,63,5
528,84,4
540,44,2
419,39,5
444,40,2
685,7,4
558,70,2
840,25,4
236,59,3
439,13,5
214,86,4
85,81,5
794,86,4
744,98,1
85,62,1
921,8,1
489,45,4
65,18,5
646,88,1
663,60,5
627,60,4
64,2,5
343,66,5
939,91,1
875,14,2
919,48,3
352,56,4
158,12,4
589,96,4
491,92,3
658,55,2
855,28,5
463,89,4
225,4,5
917,90,1
313,36,1
615,50,1
919,3,4
859,1,3
813,17,4
940,71,1
466,62,1
88,48,4
883,62,3
303,69,3
680,19,5
435,34,2
682,99,1
135,49,3
50,80,1
432,47,2
340,91,1
347,50,3
646,89,5
347,26,4
649,56,4
245,78,3
109,14,3
825,78,2
799,25,1
533,100,2
90,4,4
296,79,1
112,32,2
813,82,4
589,78,1
177,65,5
343,61,5
660,20,2
101,74,3
758,10,1
629,88,2
604,34,3
401,61,3
28,92,1
937,27,1
962,40,3
537,65,4
58,33,2
498,68,1
297,71,3
134,9,4
331,16,5
249,5,3
550,98,4
902,23,5
941,43,4
75,89,1
654,57,3
834,51,5
168,13,4
771,24,5
503,11,2
885,52,3
355,17,1
225,37,5
664,13,4
531,62,5
146,91,4
960,84,5
241,97,1
884,96,1
893,8,3
344,56,1
749,93,5
35,83,5
702,70,1
1,44,2
996,60,5
153,41,3
429,21,2
945,86,1
508,42,4
126,74,5
491,74,4
482,29,3
345,80,2
912,65,4
738,17,3
221,30,4
915,26,4
919,53,3
723,19,5
25,53,4
528,85,3
182,17,4
499,46,5
841,85,3
641,53,4
42,64,1
915,45,5
481,49,4
930,19,2
848,71,3
748,81,4
872,65,5
439,37,5
402,70,2
546,26,2
345,2,4
893,59,1
45,96,5
646,5,1
21,37,1
634,31,4
70,76,3
864,99,3
873,94,3
48,48,2
491,6,5
551,15,2
287,15,5
10,61,5
542,16,5
756,20,4
274,77,3
956,44,2
600,42,2
756,46,4
381,95,5
329,34,3
479,64,1
15,29,1
516,3,4
191,9,3
168,75,1
521,75,1
621,25,2
137,86,3
154,42,1
388,46,2
209,73,3
272,84,5
143,59,3
611,21,4
889,74,2
820,22,5
69,29,2
247,63,2
261,73,1
788,61,3
79,64,2
658,69,2
623,40,4
770,75,4
605,1,4
525,65,2
772,62,5
938,54,3
621,60,2
330,46,1
189,5,5
95,22,5
617,90,3
8,53,5
67,70,3
496,32,5
191,11,3
366,10,4
768,39,4
521,98,5
990,31,5
117,12,3
267,80,3
611,38,2
485,67,4
509,66,2
298,52,2
909,5,1
164,11,3
376,25,1
653,35,1
268,35,2
549,22,1
74,37,3
508,86,2
73,55,3
308,75,5
199,96,1
130,99,2
758,95,4
824,72,3
572,64,1
791,20,3
615,98,3
808,4,5
832,18,3
487,51,5
853,68,5
151,20,5
669,9,1
206,80,3
986,26,3
179,25,5
197,68,3
735,41,3
89,59,5
799,45,4
434,41,4
788,38,5
748,19,1
183,14,3
209,21,3
493,15,4
130,3,5
665,37,1
13,46,5
634,16,4
871,14,4
732,9,3
106,7,2
375,14,1
582,6,1
707,85,2
698,15,4
99,52,5
594,72,1
587,34,2
886,1,3
852,96,3
192,69,4
325,94,1
979,86,5
726,20,1
827,80,3
956,7,1
467,7,3
894,50,2
367,2,2
318,47,3
144,14,5
384,31,5
216,50,1
361,61,3
324,41,4
15,14,5
217,5,5
492,75,2
951,5,5
547,64,5
183,29,5
270,75,3
945,5,3
467,96,2
870,36,1
612,79,5
519,19,1
542,64,3
467,22,5
305,34,1
985,56,1
144,17,4
111,76,3
232,89,2
691,56,2
584,17,4
722,74,1
732,92,4
592,82,4
500,18,3
595,45,5
554,96,1
273,78,2
703,56,2
173,80,4
973,50,4
7,58,4
155,18,1
522,80,4
546,81,4
548,7,5
921,76,1
518,98,3
920,10,3
914,69,5
215,85,2
134,3,3
285,83,1
126,44,2
921,99,4
439,70,1
849,14,2
686,4,3
152,18,4
331,93,4
538,99,1
383,52,4
115,38,2
894,80,5
482,20,3
284,88,1
899,99,5
75,44,5
166,51,1
189,19,2
78,68,3
947,97,1
602,66,5
688,13,5
21,62,1
566,61,5
184,30,1
871,98,1
222,30,3
827,51,1
328,88,5
179,48,4
788,33,3
112,74,5
736,82,5
726,19,3
59,71,3
327,57,5
905,19,4
621,88,2
897,79,5
669,41,3
191,42,1
200,87,1
312,52,3
708,4,3
35,4,2
379,5,3
387,41,1
758,87,4
237,61,3
616,75,2
519,55,4
283,75,2
1,13,4
731,14,3
464,60,1
230,72,4
967,25,5
172,82,2
87,44,4
553,82,2
123,10,1
843,71,2
298,50,2
885,44,5
929,14,2
690,15,4
575,16,2
484,2,3
165,30,2
699,30,3
383,82,2
209,31,2
739,77,4
432,20,3
389,49,3
560,35,5
224,23,2
3,97,2
372,99,4
687,100,5
446,61,5
611,84,4
116,55,3
270,67,1
447,8,4
368,40,3
253,59,5
317,32,4
415,93,1
95,7,2
785,2,4
892,85,1
24,6,1
628,92,4
663,36,3
850,32,4
50,45,5
502,42,1
718,53,1
498,9,2
335,75,1
79,87,2
582,75,1
27,49,1
271,2,4
562,67,4
804,11,5
247,50,3
776,35,5
591,15,1
387,75,5
702,31,4
559,92,1
973,62,1
361,28,5
866,96,2
984,25,3
488,84,5
352,92,5
701,25,3
928,75,1
256,83,1
222,92,2
884,1,5
753,59,3
781,69,5
1,74,4
546,42,5
446,34,5
79,100,4
236,66,4
334,18,3
889,77,1
349,5,2
98,20,4
82,66,1
502,75,3
967,62,5
477,94,3
927,96,3
704,32,4
765,58,2
921,50,4
550,38,5
14,55,4
392,28,5
347,74,4
310,86,2
386,81,1
209,22,2
357,43,4
974,83,3
601,81,1
568,88,3
94,36,2
93,96,1
340,52,4
597,36,3
445,28,4
757,78,5
22,58,1
291,36,3
485,70,2
784,9,2
306,21,2
634,64,2
128,76,3
625,61,5
939,94,2
273,95,2
848,40,2
442,56,5
503,4,1
130,31,2
132,27,2
597,58,2
935,25,1
482,69,2
862,70,1
390,5,1
593,91,4
999,8,4
985,9,2
325,15,3
69,100,4
660,7,4
448,96,3
528,72,5
819,15,2
617,37,5
165,83,5
488,39,1
713,6,1
709,83,2
426,57,3
697,92,1
834,81,4
265,19,2
875,63,5
612,31,2
342,75,1
832,79,3
726,10,5
278,87,3
674,67,2
439,62,3
157,3,3
422,18,2
251,25,5
878,20,3
609,58,3
530,93,2
327,86,4
961,50,3
895,79,1
97,10,5
513,21,3
216,29,2
132,96,1
260,10,2
125,13,3
82,47,1
283,23,5
683,50,5
59,87,5
544,95,4
161,4,2
284,67,3
106,85,1
105,53,2
439,2,3
228,68,4
700,65,3
582,79,2
318,57,3
464,97,1
802,70,4
599,7,1
882,19,4
874,44,4
472,63,3
56,65,1
625,39,4
13,83,4
440,26,3
18,44,2
694,12,2
973,22,5
113,77,5
229,92,4
171,14,2
295,86,4
189,30,1
426,44,2
977,84,2
79,91,2
658,38,5
919,59,3
182,42,3
499,52,5
798,63,5
762,61,5
866,34,3
826,39,4
708,41,5
835,37,4
71,65,4
248,79,1
146,32,3
618,8,4
775,97,3
296,18,3
582,45,1
470,93,3
506,96,4
193,33,2
68,5,4
494,82,4
817,74,3
52,36,4
882,97,2
363,23,3
797,40,5
917,5,4
474,34,4
846,24,1
521,17,5
763,95,5
431,71,2
844,81,5
298,92,1
435,22,2
696,15,5
691,15,2
198,25,5
128,53,5
532,21,5
984,66,4
411,91,5
934,32,4
840,21,3
65,68,1
694,44,2
241,83,2
369,66,3
536,90,5
384,98,1
431,14,3
967,15,3
83,20,2
982,34,4
831,36,4
697,83,5
951,9,5
828,71,3
611,30,5
574,77,4
286,91,1
989,63,2
534,35,4
459,13,5
212,79,2
126,46,2
413,56,3
499,9,5
425,87,3
554,36,2
610,3,3
961,98,5
543,19,4
158,28,1
112,23,4
402,7,2
759,76,4
122,14,3
273,46,5
294,15,4
398,67,4
471,15,5
985,51,3
207,88,1
110,8,4
440,69,2
278,62,3
963,51,3
568,63,4
887,68,5
915,78,4
569,16,4
940,84,5
482,24,2
803,6,5
114,57,4
893,31,1
897,6,5
820,99,2
853,79,5
477,29,5
710,67,3
933,75,3
321,3,4
179,28,4
897,74,5
219,97,1
789,48,4
949,80,5
528,10,5
492,33,5
891,100,5
61,67,5
54,69,3
680,12,2
538,57,2
848,44,5
988,13,4
65,24,1
612,44,5
586,57,1
704,96,3
171,16,2
273,96,3
889,100,4
699,21,4
535,76,5
391,51,4
940,21,4
693,60,3
327,51,1
108,21,2
847,6,4
162,73,4
814,65,3
452,76,2
206,58,3
590,78,1
16,6,3
327,65,2
608,86,2
659,34,4
2,56,1
10,75,5
434,3,4
125,42,3
81,62,3
485,6,2
652,6,2
838,63,2
150,20,5
800,21,5
873,2,4
340,90,5
129,95,2
438,90,4
751,56,4
501,96,1
58,10,5
198,87,3
211,70,3
914,23,1
902,92,2
45,30,1
97,78,2
279,37,5
535,55,5
410,96,4
461,49,4
391,34,4
847,44,4
44,22,3
27,31,4
794,7,4
97,21,4
975,16,2
548,20,4
621,43,1
567,44,4
704,47,4
219,19,3
185,48,4
69,96,2
829,79,5
130,69,4
567,11,4
890,79,4
609,29,3
848,45,5
599,68,3
806,36,3
631,48,3
720,87,2
334,15,5
925,44,2
154,67,2
547,96,5
79,74,2
579,40,5
855,86,4
413,14,3
546,63,2
609,81,5
169,85,1
681,51,2
663,79,2
583,58,5
515,15,1
314,65,1
32,88,4
287,55,2
594,76,3
43,10,2
903,42,3
617,95,3
1,11,5
573,16,2
270,73,5
180,78,4
736,19,3
518,31,1
103,73,3
10,100,4
583,53,3
90,90,5
226,8,2
670,24,1
740,8,5
917,83,2
126,48,1
956,30,4
209,58,3
97,86,1
74,55,4
627,73,2
191,62,1
682,48,4
819,4,2
960,37,5
716,8,3
56,1,4
720,92,5
553,70,2
32,47,1
527,100,3
574,75,2
667,5,4
284,50,3
721,24,5
832,47,3
494,18,5
187,84,2
498,28,1
442,77,3
130,5,1
639,30,1
292,1,3
114,86,3
199,82,1
13,46,4
271,69,4
601,31,3
215,70,1
444,91,1
790,56,2
512,89,1
447,93,4
986,28,2
993,16,4
715,54,5
74,53,3
537,12,5
101,20,3
176,82,4
427,34,4
117,53,5
166,64,3
41,23,3
429,27,2
344,17,1
424,48,2
366,21,4
120,50,5
609,40,3
657,95,2
728,3,5
229,17,5
825,61,1
130,50,3
352,90,5
889,87,3
318,6,2
984,28,5
649,72,5
836,55,2
337,58,3
273,45,3
117,72,5
818,19,2
368,29,4
94,23,3
168,32,4
954,10,5
715,91,4
341,49,4
661,65,3
914,29,5
695,59,4
925,45,3
152,67,4
586,51,3
877,95,5
913,11,2
274,86,3
554,82,3
496,99,4
724,6,5
101,67,1
557,62,1
82,5,2
529,9,5
73,28,3
14,83,1
433,92,2
157,91,5
735,77,2
132,38,1
338,43,4
404,21,4
376,91,5
888,62,2
559,46,3
107,70,1
620,38,4
265,49,4
205,75,2
79,81,4
155,39,2
783,71,1
988,30,2
997,21,4
247,1,2
531,89,4
858,32,5
948,8,4
538,69,4
729,30,4
154,8,5
154,19,3
686,59,4
92,55,3
433,30,1
338,79,2
480,36,3
693,55,1
131,44,2
450,27,4
993,77,4
810,78,4
787,54,5
273,48,5
929,30,5
588,39,5
177,13,1
696,16,1
831,44,4
643,71,2
875,27,5
49,45,2
567,35,1
666,79,5
355,28,1
712,99,1
308,7,3
868,62,1
885,51,4
630,46,1
775,20,5
46,96,4
302,38,1
868,61,4
912,32,1
408,26,4
189,58,2
822,39,3
830,20,4
129,82,5
561,50,3
537,79,3
266,52,1
118,86,4
464,22,3
144,53,5
442,85,5
200,66,5
157,43,1
487,82,2
860,23,4
134,77,3
912,64,4
148,9,3
336,7,1
71,41,4
233,54,1
334,65,1
811,2,4
666,4,4
90,78,3
334,32,5
199,100,1
161,2,2
538,64,3
121,14,3
301,20,5
724,89,5
575,49,1
963,8,3
436,92,3
68,63,2
765,46,1
922,21,1
459,87,5
514,32,1
398,8,2
620,95,1
286,16,4
561,40,4
140,27,2
730,18,5
556,35,3
929,52,1
781,15,5
590,63,5
728,53,1
894,91,3
610,81,1
748,66,3
282,31,2
661,61,3
924,64,5
816,98,2
996,34,4
936,55,2
578,59,3
746,3,2
457,17,2
87,78,4
79,78,3
205,46,5
791,38,2
337,35,1
254,1,5
304,29,2
380,4,5
130,61,1
596,97,5
276,17,5
699,28,1
558,50,1
899,90,1
183,8,4
268,34,1
808,59,5
322,18,1
512,95,2
612,59,1
78,27,1
784,16,3
339,10,5
674,76,5
556,22,2
509,16,4
238,12,3
134,75,2
973,84,2
192,51,5
356,1,3
278,27,5
18,67,4
524,12,5
180,30,1
123,9,5
246,53,1
734,61,2
373,54,4
51,37,1
1000,65,4
71,42,5
480,49,5
560,4,2
19,64,5
774,79,1
84,51,2
155,91,4
565,72,2
619,60,4
357,87,3
816,79,1
647,91,1
443,31,4
69,72,5
523,94,5
143,58,3
192,82,4
387,4,3
378,22,4
581,3,3
535,79,4
693,99,1
293,47,3
9,38,3
271,33,4
387,78,2
93,48,2
966,65,1
529,26,5
154,8,5
405,50,1
840,80,5
149,38,4
889,10,2
267,42,1
422,37,4
840,26,1
618,92,2
472,12,5
893,84,4
547,49,2
631,14,1
526,46,3
503,35,4
14,29,1
778,12,1
652,82,2
806,44,1
364,66,4
119,2,4
238,59,1
546,17,2
169,10,4
522,18,3
634,22,5
913,83,2
657,58,2
963,53,5
958,1,5
735,88,4
883,61,1
769,100,1
780,89,3
871,100,1
516,31,3
938,31,3
397,66,2
866,19,2
106,53,4
85,76,5
214,74,5
121,95,3
132,22,5
850,23,3
197,87,5
19,15,4
642,26,2
12,3,2
81,87,3
330,20,5
866,40,1
774,39,4
392,72,5
637,18,1
307,41,4
267,70,4
447,27,2
441,100,3
895,15,5
652,37,4
841,58,5
2,5,4
520,73,2
762,7,3
651,41,1
636,84,1
309,10,2
740,62,4
522,26,2
469,68,3
212,24,1
112,78,5
8,41,1
804,65,3
477,17,4
874,24,2
460,27,1
253,7,1
526,73,5
752,99,2
438,12,5
754,85,5
981,3,4
854,79,1
661,85,2
236,10,4
306,33,4
478,46,4
679,59,3
20,52,3
216,6,4
855,2,3
135,29,2
905,40,1
129,97,2
410,61,1
422,68,3
294,68,2
246,29,5
701,62,4
556,60,1
86,84,1
556,41,5
842,87,5
375,82,4
446,89,3
378,65,2
390,64,2
657,79,2
51,63,3
242,98,4
294,48,2
920,20,1
563,37,1
266,64,1
120,91,5
712,86,5
917,5,3
248,34,2
70,39,5
853,67,1
57,81,5
382,62,1
39,88,2
984,24,3
801,3,4
443,71,4
18,89,1
952,67,5
732,79,5
825,93,1
756,50,2
352,29,1
972,74,2
816,32,3
298,87,3
283,39,1
586,9,3
110,14,5
180,68,2
938,64,4
544,20,4
746,28,3
794,14,2
25,44,5
843,98,4
791,77,5
738,95,5
57,97,4
180,39,4
232,28,3
894,64,2
343,89,1
477,32,2
799,9,1
576,28,4
455,95,5
232,17,2
289,87,5
213,77,2
258,55,2
530,10,5
687,80,3
929,6,4
229,48,3
226,75,3
596,67,2
803,92,4
435,41,2
882,79,1
758,60,2
402,77,5
622,42,2
766,81,1
88,71,2
584,28,1
893,13,4
542,81,2
684,15,1
309,36,4
906,92,5
343,15,3
436,75,1
177,56,5
139,95,4
194,4,5
186,99,2
218,98,3
164,52,1
161,91,4
943,10,3
525,94,4
808,45,5
601,84,4
836,29,4
42,53,5
915,29,5
210,23,3
741,57,1
